,Mutual_Info_Score,ANOVA_Score,Chi2_Score,RF_Importance,RFE_Rank,RFE_Selected,Selection_Frequency
Days_Since_Last_Purchase,0.0446577079574928,997.7529719217545,,0.062009780766103306,1,True,4
tfidf_its,0.04297801413558866,1232.7426855806166,,0.05626479438198563,1,True,4
tfidf_not,0.040307803246263374,1506.5560108584925,,0.037249203607240614,1,True,4
tfidf_than,0.04765908507006933,2157.184999311184,,0.03806085154752587,1,True,4
tfidf_no,0.039713494435872576,1181.264023154719,,0.04594530954592629,1,True,4
tfidf_expected,0.036294894834490776,1751.5757747070818,,0.0239706790288404,1,True,4
tfidf_and,0.02787124285277698,666.911463846873,,0.03073184387829097,1,True,4
Resolution_Delay_Ratio,0.03416282260620673,680.0156059908714,,0.018995456320579227,1,True,4
tfidf_is,0.022507741823231564,523.7763690552582,,0.01777050085262643,1,True,3
tfidf_to,0.027006782501913795,552.026802446674,,0.015950318339686718,2,False,3
tfidf_on,0.0368690404648544,773.4918219200292,,0.01844385670844651,4,False,3
tfidf_of,0.04546921659458736,1279.0388690419472,,0.03688646511531051,4,False,3
Resolution_Time_Hours,0.04711754960624437,1385.9821925838583,,0.03381049229209765,5,False,3
tfidf_great,0.016964608831547823,503.39349786072137,,0.01941827099500058,1,True,3
Support_Efficiency_Score,0.06410807277902708,1219.4117808164845,,0.025216955414428192,3,False,3
Customer_Support_Contacts,0.029186140959210904,1019.2359097790552,,0.01587525216422619,1,True,3
Contacts_x_ResolutionTime,0.059518751377220847,1654.8725240067213,,0.041581201774752906,11,False,3
Stopword_Ratio,0.019498466379920698,205.69278725484617,,0.029185180516769996,1,True,2
tfidf_had,0.014778184496616165,569.3354987776114,,0.009748967498988364,1,True,2
Complaint_Severity,0.022996392691698595,,3.3361044877175496,0.0036540438258470696,10,False,2
tfidf_time,0.017715439022063295,628.9324198480024,,0.014774248218806019,1,True,2
tfidf_or,0.007648417748769898,329.73629484728764,,0.022385914461918534,1,True,2
tfidf_the,0.031142952142471758,50.479034960773745,,0.014832527584436699,1,True,2
Review_Readability,0.019822687305744546,45.20611605038765,,0.0190982486945934,1,True,2
Resolution_Category,0.039844118255610655,,600.9307122286746,0.011668001254917452,5,False,2
Complaint_Density,0.022598061275749703,510.16303608123997,,0.013968965569743167,14,False,2
tfidf_were,0.0004843930846629707,5.182298716723613,,0.007843108595039528,1,True,1
tfidf_this_purchase,0.007328803648601445,278.48496596949525,,0.008390364725713808,1,True,1
Country,9.221365664727893e-05,,1.394604139363365,0.004924085423977158,10,False,1
Product_Category,0.0006076763393468611,,1.2285771206466454,0.0073075137699253724,12,False,1
Gender,1.4561547057700963e-05,,0.0029176366023650965,0.0025536816704952395,12,False,1
Product_Name,0.003257225866108653,,1.0322933105619039,0.011167426717064954,11,False,1
tfidf_with,0.010741834438121156,149.93073270881567,,0.009754541123911569,1,True,1
tfidf_discount,0.004655748177799124,0.1916306370821068,,0.004363777305946465,1,True,1
tfidf_all,0.012852527132947378,160.1381210050925,,0.005969710863470633,1,True,1
tfidf_arrived,0.007870115347913265,29.22808331139745,,0.00805179645093017,1,True,1
tfidf_how,0.010828558251024578,291.2879807217577,,0.005556101668655281,1,True,1
Ticket_Weekday,0.007461335785504501,,169.42129925403336,0.005977939854956213,13,False,1
Age_Group,4.299545539947214e-05,,0.015251410736793588,0.0032056648043673097,13,False,1
Rating_Imputed_Flag,0.004454909375842586,62.327636224764184,,0.006224167968215804,1,True,1
tfidf_what,0.0018976902749285873,7.305789092889879,,0.00453222086306528,1,True,1
tfidf_update,0.0008715792362243846,0.6379190731223516,,0.00350579991208421,1,True,1
Average_Word_Length,0.005639346404826551,34.814619571933974,,0.018339789451916094,8,False,1
tfidf_purchase,0.010175009814925362,212.27180106431172,,0.006818228080175348,1,True,1
tfidf_it,0.00835178810920012,0.8612791980841259,,0.009682914138346257,1,True,1
tfidf_shipping,0.0048695092094503956,41.280435687534,,0.004563202107341861,1,True,1
tfidf_this,0.038142510339780555,23.362245335572894,,0.01513893721836701,8,False,1
tfidf_recommend,0.0065888379521548135,0.259650836026526,,0.004114707154913858,1,True,1
tfidf_out,0.006239787024535426,5.086692339446802,,0.0051470309558730104,1,True,1
tfidf_performance,0.00016158850963576832,47.95400038558278,,0.0037967709330557152,1,True,1
tfidf_issues,0.0034943411996863905,293.3078760499349,,0.006419778368037998,1,True,1
Review_Length_Category,0.0011627675031461032,,2.1484025361853964,0.0027806568740834942,6,False,1
tfidf_im,0.009513208709066134,11.136796462953257,,0.006757677983838671,1,True,1
Total_Spent,0.002662082115164388,0.00602220819206308,,0.011659074261721759,12,False,0
Age,0.0008716657591834043,0.046485175993727375,,0.010571713762145031,9,False,0
Purchase_Count,0.0035874462699119203,0.06518816805880816,,0.007813519593298002,14,False,0
tfidf_for,0.021081026917186385,100.72456826507376,,0.010438364996989314,8,False,0
tfidf_didnt,0.00203626850614258,3.7437010658033434,,0.0040843540701204035,7,False,0
Punctuation_Count,0.008886925586901517,64.16518212083189,,0.008222936094165986,6,False,0
Digit_Count,0.00014077204180873437,0.004383475336917879,,0.00010707974942043902,5,False,0
Ticket_Year,0.0,1.7227814875465977,,0.0025386418821634303,14,False,0
Is_Weekend,0.0,1.6228441318916125,,0.0010029151676020115,7,False,0
Ticket_Day,0.002341914539514489,0.19510388009786206,,0.008153905000520644,6,False,0
Spending_Per_Complaint,0.009956188532744159,145.95266087012266,,0.012115886012875327,11,False,0
Response_Time_Hours,0.003933491589063642,0.5356809177120071,,0.010511629226267067,13,False,0
Ticket_Month,0.0035412112321164813,0.5824235945136886,,0.006233172195206749,10,False,0
tfidf_in,0.0,39.553843976043765,,0.009416866708128135,3,False,0
tfidf_my,0.009363642552586482,115.62768189899896,,0.00890973883708358,3,False,0
tfidf_others,0.004126374375238662,3.479262847372229,,0.007832942697225884,9,False,0
tfidf_replacement,0.0009686301558109456,3.028922374266927,,0.004865687477704677,9,False,0
tfidf_was,0.017301454866348154,8.654364310040583,,0.009287341694901089,7,False,0
tfidf_will,0.003951795253583024,0.1345091634663379,,0.0058493052296036165,4,False,0
