Age,Contacts_x_ResolutionTime,Customer_Support_Contacts,Days_Since_Last_Purchase,Purchase_Count,Resolution_Delay_Ratio,Resolution_Time_Hours,Support_Efficiency_Score,Total_Spent,tfidf_and,tfidf_expected,tfidf_great,tfidf_is,tfidf_its,tfidf_no,tfidf_not,tfidf_of,tfidf_on,tfidf_than,tfidf_to,Country_Australia,Country_Canada,Country_Ireland,Country_USA,Country_United Kingdom,Country_Unknown,Gender_Female,Gender_Male,Gender_Unknown
1.125,1.583461472749018,0.5,0.7155963302752294,0.0,-0.5539724153653255,1.013691845038033,-0.34938001458789164,-0.1042855512440082,1.8685339438675586,0.0,0.0,0.0,0.0,0.0,0.0,1.1961788860936091,0.0,0.0,0.6798825254759739,0.0,0.0,0.0,0.0,1.0,0.0,0.0,1.0,0.0
-0.3125,0.22689219203827102,1.0,0.6697247706422018,0.75,1.0710133363729626,-0.11604457810012382,-0.4507658643326036,-0.09646770143802781,1.025670296246024,0.0,0.0,0.0,0.0,0.0,0.0,0.0,0.0,0.0,0.12602259166200772,0.0,0.0,0.0,1.0,0.0,0.0,0.0,1.0,0.0
-0.875,-0.2838016246524704,-0.5,-0.6146788990825688,0.25,2.804057904935598,-0.3818149655050416,0.835886214442014,0.07036635471353568,0.0,0.0,0.0,0.0,0.0,0.0,0.0,1.3417254826761313,0.0,0.0,-0.5479626774818499,1.0,0.0,0.0,0.0,0.0,0.0,0.0,0.0,1.0
-0.9375,0.37202367084478827,0.0,-0.5412844036697247,-0.25,0.3155135073521031,0.34841676985671327,0.23486506199854124,-0.5213136270257931,0.6798400493907738,0.0,0.0,0.8316151877815633,0.6294298828008146,0.2177998961659761,0.0,0.8704260531857059,1.2123125258500516,0.0,-0.10122830256581297,0.0,0.0,1.0,0.0,0.0,0.0,1.0,0.0,0.0
0.6875,-0.22540111520121775,-0.5,-0.3394495412844037,-0.25,0.6830046734298415,-0.24878825402441182,0.8001458789204963,0.43456402647797315,0.0,0.0,0.2188324943225787,2.4289839812505902,0.0,0.0,0.0,1.6948952441102643,1.180308612614663,0.0,0.7568603422127728,1.0,0.0,0.0,0.0,0.0,0.0,0.0,1.0,0.0
0.0625,4.460059332432475,0.0,0.26605504587155965,-0.25,-0.5174968653824233,5.004351671678755,-1.0175054704595192,0.032521113900935865,0.0,0.0,0.0,0.0,0.0,0.0,0.0,0.0,0.0,0.0,-0.5479626774818499,0.0,0.0,1.0,0.0,0.0,0.0,1.0,0.0,0.0
-0.3125,-0.13307860770700342,0.0,0.26605504587155965,0.75,0.9583950758007523,-0.22685299840792503,0.3894967177242893,1.4620006847751652,0.8935776872943245,0.0,0.2954312264777053,1.0930700197533398,0.0,0.2862748784561061,0.0,1.1440827886845077,1.5934563197590452,0.0,0.039222308060082575,0.0,0.0,0.0,1.0,0.0,0.0,0.0,1.0,0.0
0.125,0.0,0.0,0.22935779816513763,-1.0,0.0,0.0,0.0,-0.42893745720155213,0.948376452493795,0.2958634226187116,0.0,0.0,0.0,0.0,0.0,0.0,0.0,0.2926847669924493,-0.5479626774818499,0.0,0.0,0.0,1.0,0.0,0.0,0.0,1.0,0.0
-0.1875,-0.08238199524719259,0.0,1.0091743119266054,1.0,-0.1960560811580987,-0.16911374491420486,0.37345003646973063,-0.07244350604884732,1.762094888077796,0.274858903969383,0.0,0.0,0.271905913722067,0.0,0.0,0.0,0.0,0.271905913722067,0.03098847365554118,0.0,0.0,0.0,0.0,1.0,0.0,0.0,1.0,0.0
0.4375,0.2385101657269777,-0.5,-0.1651376146788991,-0.5,0.07568676621452185,0.8079249955775696,0.5164113785557988,1.1962052042912577,0.0,0.0,0.0,0.0,0.0,0.0,0.0,0.0,0.0,0.0,-0.5479626774818499,0.0,0.0,0.0,1.0,0.0,0.0,0.0,1.0,0.0
-0.375,0.6182377335632079,1.5,0.12844036697247707,-0.25,0.31596945172688934,0.0024058022289050306,-0.8884026258205688,0.08779388267518826,0.0,0.0,0.5576833742794771,0.0,0.0,0.0,0.2406771876486101,0.0,0.0,0.0,0.006249732572885544,0.0,1.0,0.0,0.0,0.0,0.0,0.0,1.0,0.0
-0.8125,1.2582203376667755,0.5,-0.6513761467889908,1.25,-0.5316311410007979,0.7667433221298425,-0.28300510576221716,0.5442650079890435,1.7672709221218268,0.0,0.0,0.0,0.2727046188745087,0.0,0.0,0.0,3.1514540477260935,0.0,0.032689103336946725,0.0,0.0,1.0,0.0,0.0,0.0,0.0,1.0,0.0
-0.6875,2.4067843996085925,-0.5,-0.27522935779816515,-0.25,-0.6492647896956572,5.746895453741377,-0.8125455871626555,-0.31440881077379595,2.237824969489428,0.0,0.0,0.0,0.0,0.0,0.0,0.0,0.0,0.0,-0.5479626774818499,1.0,0.0,0.0,0.0,0.0,0.0,0.0,0.0,1.0
-0.25,0.703539754282963,2.0,-0.5871559633027523,0.75,-0.17964208366579273,-0.03481337343003716,-1.2830051057622183,-0.3312428669253595,0.6953949942519099,0.2169412183635332,0.2299088248950767,0.8506427934708979,0.0,0.0,0.3968833351923731,0.0,0.0,0.2146104759614616,-0.0910068856669111,1.0,0.0,0.0,0.0,0.0,0.0,0.0,1.0,0.0
0.625,1.4175170464252986,1.0,-0.24770642201834864,-0.75,-0.23161974239142824,0.5619670971165752,-0.6331145149525891,-0.2733451266834056,1.5962498259450182,0.0,0.2638729964664122,0.9763072945902039,0.0,0.0,0.0,0.0,0.0,0.0,0.5009600343272177,0.0,0.0,0.0,1.0,0.0,0.0,0.0,1.0,0.0
-0.8125,-0.13196030007921347,-0.5,0.07339449541284404,0.25,-0.2817736236179186,-0.0359455156554042,0.7432530999270607,-0.059478429582287155,0.0,0.0,0.0,0.0,0.0,0.0,0.0,1.8015647724510653,0.0,0.0,-0.5479626774818499,0.0,0.0,0.0,1.0,0.0,0.0,0.0,1.0,0.0
-0.875,2.364040196946399,-0.5,-0.44036697247706424,0.75,-0.6351305140772826,5.64953122235981,-0.7862873814733775,-0.30170623145400594,0.9288251672953733,0.2897640407327643,0.0,0.0,0.0,0.0,0.0,1.189211528789696,0.0,0.2866509147835972,0.06238402228939999,1.0,0.0,0.0,0.0,0.0,0.0,0.0,1.0,0.0
0.375,-0.2707547023282544,-0.5,-0.46788990825688076,-0.5,1.83289638664083,-0.3520962320891562,0.8278628738147348,-0.07834398539146312,0.0,0.0,0.0,0.0,0.2524858753267506,0.0,0.0,2.094946140477562,0.0,0.0,-0.5479626774818499,0.0,0.0,0.0,0.0,1.0,0.0,0.0,1.0,0.0
0.5625,1.569855396610907,0.5,-0.7064220183486238,0.25,-0.5886241878490824,1.0033610472315584,-0.34719183078045174,0.6902134215932436,0.0,0.0,0.2688996105212169,0.9949053324133733,0.0,0.2605655611854046,0.0,0.0,1.4503537384126668,0.0,0.5209413500214682,0.0,0.0,0.0,0.0,1.0,0.0,1.0,0.0,0.0
0.4375,0.2646661385769536,1.0,-0.03669724770642202,0.5,-0.05790493559785701,-0.09453387581814966,-0.456601021152443,1.382612417256334,1.6433301592301968,0.0,0.0,2.0102056655532374,0.0,0.0,0.0,2.104020476377645,0.0,0.0,-0.008032680622844063,0.0,1.0,0.0,0.0,0.0,0.0,0.0,1.0,0.0
0.125,10.879393628752934,1.0,-0.7614678899082569,-0.5,-0.6305710703294198,5.950114983194765,-2.082421590080234,-0.5709712394430495,0.0,0.0,0.0,0.0,0.0,0.0,0.2630391600758791,0.0,0.0,0.0,0.6634489088731084,0.0,0.0,0.0,1.0,0.0,0.0,0.0,1.0,0.0
1.0625,-0.1410310175046208,0.0,-0.1743119266055046,-0.5,1.3514191268665223,-0.23591013621086154,0.3916849015317292,0.11913375941565851,0.0,0.0,0.0,2.9969754149681247,0.0,0.0,0.0,1.5684210198855213,0.0,0.0,0.257008154169307,0.0,0.0,0.0,0.0,1.0,0.0,1.0,0.0,0.0
0.75,-0.29846388021682746,-1.0,1.3302752293577982,1.25,0.0,0.0,-0.5769511305616338,4.218015293312029,1.0261426778561067,0.0,0.0,0.0,0.0,0.0,0.0,0.0,0.0,0.0,-0.5479626774818499,0.0,1.0,0.0,0.0,0.0,0.0,0.0,1.0,0.0
1.8125,1.0705931690042405,0.0,-0.5504587155963303,-0.75,-0.5480451384931039,1.144029718733416,0.020423048869438458,1.1512268888381647,0.0,0.0,0.0,2.1149708525549893,0.0,0.0,0.0,1.106837488564359,0.0,0.0,0.588176002599551,1.0,0.0,0.0,0.0,0.0,0.0,0.0,1.0,0.0
0.75,1.170433188885265,0.5,-0.06422018348623854,0.25,-0.21474980052433598,0.7000884486113569,-0.26549963530269893,1.8772255192878338,0.6114284989121845,0.3814926612720042,0.0,0.0,0.0,0.0,0.0,0.0,0.0,0.3773940343332737,-0.14618268745013516,0.0,0.0,0.0,0.0,1.0,0.0,0.0,1.0,0.0
0.625,1.560536166379324,0.5,0.5412844036697247,0.0,0.2202211330217714,0.9962851583230143,-0.34500364697301183,0.6198870120976946,1.3784471786020014,0.4300318708756247,0.0,0.0,0.0,0.0,0.3933611243625778,0.0,0.0,0.0,-0.5479626774818499,0.0,0.0,0.0,0.0,1.0,0.0,0.0,1.0,0.0
0.0,-0.1230759672584378,0.5,0.1743119266055046,0.5,1.0276986207682663,-0.28204493189456925,-0.0014587892049595938,0.4202636384387125,0.8955438096752425,0.0,0.0,2.1909501628128134,0.0,0.0,0.0,0.0,1.5969623720898507,0.0,0.04051428027271549,0.0,0.0,0.0,0.0,1.0,0.0,1.0,0.0,0.0
-0.75,-0.03243092120590839,0.0,-0.6605504587155964,0.25,0.5453094722443861,-0.11222359808951,0.35813274981765125,0.5132561059118922,0.0,0.0,0.0,1.808521830628218,0.2281379057325161,0.0,0.0,1.892924206126201,0.0,0.0,0.4235550165166866,0.0,0.0,1.0,0.0,0.0,0.0,0.0,1.0,0.0
-1.4375,0.8840221797679514,-0.5,-0.08256880733944955,-0.25,-0.5439416391200274,2.278294710773041,0.12035010940919084,-0.7805695046792969,1.2494908991330902,0.0,0.0,1.5284412997514425,0.0,0.0,0.0,1.5997725241378433,2.2281321456600343,0.0,-0.5479626774818499,0.0,0.0,0.0,0.0,0.0,1.0,1.0,0.0,0.0
0.0,-0.14227358153549852,0.0,0.7889908256880734,-0.75,0.7673543827653027,-0.23732531399257034,0.3924142961342095,-0.649377995891349,0.0,0.0,0.0,0.0,0.0,0.0,0.0,0.0,0.0,0.0,-0.5479626774818499,0.0,0.0,0.0,0.0,1.0,0.0,0.0,1.0,0.0
0.1875,-0.2530481648882469,-0.5,-0.009174311926605505,-1.0,1.6514305254758919,-0.3117636653104547,0.8176513493800155,-0.5516263410180323,0.5221480806505556,0.0,0.1726305950371878,0.6387182904701163,0.0,0.0,0.0,2.0055804012713234,0.9311111622336583,0.0,0.13826196206996086,0.0,0.0,0.0,1.0,0.0,0.0,1.0,0.0,0.0
-0.125,-0.29846388021682746,-1.0,-0.5229357798165137,2.0,0.0,0.0,-0.5769511305616338,1.8225804610819445,0.0,0.0,0.0,0.0,0.4788814488741386,0.0,0.0,0.0,2.767046789790204,0.0,0.4716876945487441,0.0,0.0,0.0,0.0,1.0,0.0,0.0,1.0,0.0
0.875,-0.29846388021682746,-1.0,0.01834862385321101,1.75,0.0,0.0,-0.5769511305616338,1.7617610134672448,0.0,0.2416971633704499,0.0,0.0,0.0,0.0,0.0,0.0,0.0,0.0,0.47023865374045004,1.0,0.0,0.0,0.0,0.0,0.0,0.0,1.0,0.0
1.375,0.03864374136029697,0.0,2.036697247706422,-0.25,0.47646187165165854,-0.031275428975765095,0.3369803063457335,0.706739328920338,0.8053876657567455,0.251255448929701,0.0,0.9851914659859408,0.0,0.0,0.0,1.0311696226447795,0.0,0.0,0.5105049892857941,0.0,1.0,0.0,0.0,0.0,0.0,1.0,0.0,0.0
0.0625,-0.17899134864793503,-0.5,-0.24770642201834864,-0.5,1.5907899236293173,-0.14307447373076243,0.7716994894237785,-0.2862303127139922,0.8344094455612968,0.0,0.0,1.0206923943051025,0.0,0.0,0.0,0.0,0.0,0.0,0.00034185741706434133,0.0,1.0,0.0,0.0,0.0,0.0,0.0,1.0,0.0
-0.25,0.39637792584999154,-0.5,-0.3394495412844037,0.25,-0.4167331585546563,1.1675216699097826,0.41940189642596665,-0.3452579319790002,0.6213055372239554,0.0,0.0,1.5200255456301655,0.1917452356765487,0.0,0.0,1.590964012999531,0.0,0.0,-0.13969231881094582,1.0,0.0,0.0,0.0,0.0,0.0,0.0,1.0,0.0
0.625,-0.29846388021682746,-1.0,-0.3211009174311927,1.0,0.0,0.0,-0.5769511305616338,2.420857110248801,3.000920943242619,0.0,0.0,0.0,0.0,0.0,0.0,0.0,0.0,0.0,0.43801523228773714,0.0,0.0,0.0,1.0,0.0,0.0,1.0,0.0,0.0
0.375,-0.25634095957007286,0.5,-0.7155963302752294,0.25,3.1273224666590673,-0.3832301432867504,0.02625820568927787,1.1047306551015748,0.0,0.0,0.0,0.9904073360238052,0.0,0.0,0.2310465507597161,1.0366289134774767,1.443796646329189,0.0,-0.015926937067897676,1.0,0.0,0.0,0.0,0.0,0.0,0.0,1.0,0.0
-0.1875,-0.07840579034838388,0.0,0.10091743119266056,0.0,0.5425738059956685,-0.1645851760127366,0.3727206418672503,-0.12345925587765344,1.1641590271434425,0.0,0.0,0.7120294904904985,0.0,0.0,0.0,2.9810375195902066,0.0,0.0,0.21702587498698273,1.0,0.0,0.0,0.0,0.0,0.0,0.0,1.0,0.0
-0.0625,1.1250174735566845,0.0,-0.1743119266055046,7.0,-0.41171777043200725,1.2060145055722626,0.0036469730123995024,1.755495320703036,1.4338911165835513,0.0,0.237033789692331,0.0,0.0,0.0,0.2045914528276865,0.9179337010406522,0.0,0.0,-0.07684564617526177,1.0,0.0,0.0,0.0,0.0,0.0,0.0,1.0,0.0
1.5625,0.4017209511827657,1.5,-0.41284403669724773,-0.25,0.6515445115695887,-0.09623208915620027,-0.8614150255288117,0.6513980826295367,0.0,0.0,0.3798941897893518,1.4055756884202038,0.0,0.0,0.3278988380124398,0.0,0.0,0.0,-0.5479626774818499,0.0,0.0,0.0,1.0,0.0,0.0,0.0,1.0,0.0
-0.5625,-0.07032912414767875,0.5,-0.3853211009174312,-1.0,0.25943234925339115,-0.24199540067220948,-0.011670313639678824,-0.7147055466788405,0.0,0.0,0.0,0.0,0.0,0.0,0.0,0.0,0.0,0.0,-0.5479626774818499,0.0,1.0,0.0,0.0,0.0,0.0,0.0,1.0,0.0
0.0625,0.049205535622757576,1.0,-0.6238532110091743,0.5,0.46779892853071925,-0.21722978949230498,-0.42377826404084645,1.3313113444419082,0.0,0.0,0.0,0.0,0.3243539534342737,0.0,0.0,1.345627873274893,0.0,0.0,0.14266259118620836,0.0,0.0,0.0,1.0,0.0,0.0,0.0,1.0,0.0
-0.4375,-0.29846388021682746,-1.0,0.11926605504587157,-0.5,0.0,0.0,-0.5769511305616338,-0.4494692992467473,0.8037899165029421,0.0,0.0,0.0,0.0,0.2575096311411501,0.0,0.0,1.433343894349435,0.0,0.5084051732634517,0.0,1.0,0.0,0.0,0.0,0.0,1.0,0.0,0.0
-0.25,-0.2035941164593138,-0.5,-0.5871559633027523,0.75,1.1649378775789354,-0.199115513886432,0.7870167760758578,1.7448813056379822,2.5854191329236302,0.0,0.0,0.0,0.3989517003020084,0.0,0.0,0.0,0.0,0.0,-0.5479626774818499,0.0,0.0,0.0,0.0,1.0,0.0,1.0,0.0,0.0
-1.4375,-0.22018234627153133,0.5,-0.5504587155963303,0.5,2.0631482959078995,-0.35577569432159917,0.018964259664478865,0.4656642319105228,1.4020847274697723,0.0,0.0,0.0,0.0,0.0,0.0,1.7951444264825511,0.0,0.0,-0.5479626774818499,0.0,0.0,0.0,1.0,0.0,0.0,0.0,1.0,0.0
0.4375,-0.25559542115154626,-0.5,-0.1559633027522936,-0.25,1.6500626923515331,-0.31756589421546083,0.8191101385849752,-0.5538404473864414,0.9100142123952909,0.2838956184571691,0.0,0.0,0.0,0.0,0.0,0.0,0.0,0.2808455408338765,0.050023026219231964,0.0,0.0,1.0,0.0,0.0,0.0,1.0,0.0,0.0
0.4375,-0.29846388021682746,-1.0,0.7981651376146789,-0.25,0.0,0.0,-0.5769511305616338,0.7134729513809632,1.5201646965726445,0.0,0.0,0.9297716799209206,0.0,0.0,0.0,0.9731634361757047,0.0,0.0,0.45096321119060984,0.0,0.0,0.0,1.0,0.0,0.0,0.0,1.0,0.0
-0.75,-0.12723855676187815,-0.5,-0.03669724770642202,-0.5,-0.10805881682434743,-0.025190164514417142,0.7403355215171415,-0.2526649166856882,3.083300066410034,0.0,0.0,0.9429126623285414,0.0,0.0,0.0,1.9738353970154707,0.0,0.0,0.46508158865149163,0.0,0.0,0.0,0.0,1.0,0.0,0.0,1.0,0.0
0.0,0.06511035521799236,0.0,-0.045871559633027525,0.75,0.9725293514191269,-0.0011321422253670378,0.3282275711159739,0.417695731568135,0.0,0.0,0.0,1.0989146481054144,0.0,0.0,0.0,0.0,0.0,0.2772475091555496,0.6326866315261958,0.0,1.0,0.0,0.0,0.0,0.0,1.0,0.0,0.0
0.3125,0.16265163164189306,0.5,0.009174311926605505,-0.5,1.1011056651088567,-0.06509817795860608,-0.05981035740335475,0.04992581602373888,1.335425304715835,0.0,0.0,0.0,0.0,0.0,0.0,0.0,0.0,0.0,0.32956783765020436,1.0,0.0,0.0,0.0,0.0,0.0,1.0,0.0,0.0
0.0,-0.08163645682866597,0.0,1.81651376146789,-0.5,0.6656787871879631,-0.16826463824517957,0.37345003646973063,0.005655101574982927,0.7851629627265205,0.0,0.0,0.9604515727958013,0.2423143659803346,0.0,0.0,0.0,1.4001277144526751,0.0,-0.032018837934323134,1.0,0.0,0.0,0.0,0.0,0.0,0.0,1.0,0.0
0.0,-0.29846388021682746,0.0,-0.7614678899082569,0.0,0.0,0.0,-1.3873085339168494,0.9191451723350833,0.0,0.0,0.2195937217736788,0.8124778029006982,0.0,0.2127878178619954,0.3790767436814035,0.0,0.0,0.0,0.3249452942454204,0.0,0.0,0.0,1.0,0.0,0.0,0.0,1.0,0.0
-0.1875,0.002857897271018753,0.0,-0.3944954128440367,-0.25,-0.07842243246323946,-0.07203254908897931,0.3479212253829331,-0.536184661036293,0.0,0.0,0.3676615815044614,1.3603160943718102,0.0,0.0,0.3173404821589296,1.4238010398387042,0.0,0.0,-0.5479626774818499,0.0,0.0,0.0,1.0,0.0,0.0,0.0,1.0,0.0
1.8125,-0.29846388021682746,-1.0,-0.10091743119266056,10.25,0.0,0.0,-0.5769511305616338,0.18102602145628852,0.0,0.0,0.0,0.0,0.0,0.4252182021292595,0.0,0.8496813082501184,2.366839294853941,0.0,-0.5479626774818499,0.0,1.0,0.0,0.0,0.0,0.0,0.0,0.0,1.0
-0.125,0.8269263625491202,0.0,1.5596330275229358,1.5,-0.46004787415935255,0.8665133557403149,0.09482129832239225,2.372774480712166,0.6423138733637761,0.0,0.0,0.0,0.0,0.0,0.0,0.0,0.0,0.0,0.2961879046269994,0.0,0.0,0.0,1.0,0.0,0.0,1.0,0.0,0.0
-0.5,-0.06187968873771028,1.0,-0.22018348623853212,-0.75,0.9205516926934916,-0.28048823633468956,-0.4070021881838075,-0.4257646656014608,0.8494596279789494,0.0,0.0,2.0782050974126025,0.0,0.0,0.0,0.0,0.0,0.0,0.5684258502656756,0.0,1.0,0.0,0.0,0.0,0.0,0.0,1.0,0.0
-1.0625,0.03628286970162934,0.0,0.3577981651376147,1.0,0.12492875869143968,-0.03396426676101184,0.33770970094821384,0.07619835653960282,0.0,0.0,0.2879781517603256,0.0,0.0,0.0,0.0,0.0,0.0,0.0,0.5967805434284159,0.0,1.0,0.0,0.0,0.0,0.0,0.0,1.0,0.0
0.6875,-0.12102573660748957,0.5,0.3119266055045872,0.5,0.3597401117063718,-0.28048823633468956,-0.0014587892049595938,2.680968956859164,1.7691189678941313,0.0,0.0,1.082038491268362,0.0,0.0,0.0,1.1325364269286575,1.577374771035427,0.0,0.033296294376696914,0.0,1.0,0.0,0.0,0.0,0.0,1.0,0.0,0.0
0.5,-0.29846388021682746,-1.0,-0.7431192660550459,0.25,0.0,0.0,-0.5769511305616338,0.3025622004108651,0.0,0.0,0.4978553234550702,0.9210108469769467,0.0,0.0,0.0,0.9639937416414036,0.0,0.0,-0.5479626774818499,0.0,0.0,1.0,0.0,0.0,0.0,1.0,0.0,0.0
-0.5,0.9339111256076917,0.0,-0.8256880733944955,0.0,-0.4039667160606406,0.988360162745445,0.06272793581327497,-0.13922049760328692,0.6136553807399923,0.1914410472515508,0.0,0.0,0.0,0.0,0.1751160104544891,0.0,0.0,0.0,-0.5479626774818499,1.0,0.0,0.0,0.0,0.0,0.0,0.0,1.0,0.0
1.5,0.07281425220943422,0.5,1.6972477064220184,0.5,0.5717542459819903,-0.13330974703697152,-0.040846097738876916,0.2657669481853458,0.0,0.0,0.0,1.1129098786376972,0.0,0.0,0.0,1.1648485591011593,0.0,0.0,0.6477227940578675,0.0,0.0,0.0,0.0,1.0,0.0,0.0,1.0,0.0
-0.1875,-0.29846388021682746,-1.0,-0.3211009174311927,-0.75,0.0,0.0,-0.5769511305616338,-0.3845868523168226,0.0,0.0,0.0,0.0,0.0,0.0,0.0,0.0,0.0,0.0,-0.09117052000132539,0.0,0.0,0.0,1.0,0.0,0.0,1.0,0.0,0.0
-0.1875,3.47445754314027,1.0,-0.22935779816513763,-0.5,-0.29909950985979705,1.7333097470369716,-0.9482129832239246,0.021861447158183032,1.5348614882393647,0.0,0.2537250081282504,0.0,0.0,0.0,0.0,1.9651437549055044,0.0,0.0,-0.5479626774818499,0.0,0.0,1.0,0.0,0.0,0.0,1.0,0.0,0.0
0.0625,-0.29846388021682746,-1.0,0.6972477064220184,-1.0,0.0,0.0,-0.5769511305616338,-0.7693506048847295,0.7687807294805952,0.0,0.0,0.9404119855586268,0.0,0.0,0.0,1.9686006340070257,2.7418287840401954,0.0,0.46239491748413386,0.0,0.0,0.0,1.0,0.0,0.0,1.0,0.0,0.0
-1.1875,-0.29846388021682746,-1.0,0.5779816513761468,-1.0,0.0,0.0,-0.5769511305616338,-0.7008616754165715,0.7778962190654953,0.0,0.0,1.903125039110117,0.0,0.0,0.0,0.9959712381699699,1.3871694246751067,0.0,-0.5479626774818499,0.0,0.0,0.0,0.0,1.0,0.0,1.0,0.0,0.0
1.5625,-0.20881288538900022,-0.5,0.07339449541284404,-1.25,0.6515445115695887,-0.21100300725278615,0.7899343544857771,-0.716668568819904,0.0,0.3774871487249184,0.0,0.0,0.3734315556458018,0.0,0.0,1.5492331902136676,2.157741941529362,0.3734315556458018,-0.5479626774818499,0.0,0.0,0.0,1.0,0.0,0.0,1.0,0.0,0.0
0.9375,0.9767795846729728,0.5,0.8532110091743119,0.75,-0.29454006611193434,0.5530514770918097,-0.2253829321663023,0.24279274138324583,0.0,0.0,0.0,1.2067076412074358,0.0,0.0,0.0,0.0,0.0,0.0,0.74849701137801,0.0,1.0,0.0,0.0,0.0,0.0,0.0,1.0,0.0
0.4375,-0.29846388021682746,-1.0,-0.5871559633027523,0.5,0.0,0.0,-0.5769511305616338,0.7554154302670623,1.9412097210835502,0.0,0.0,0.7915290702908491,0.0,0.0,0.0,0.82846914625612,0.0,0.0,-0.12276211640559656,0.0,1.0,0.0,0.0,0.0,0.0,1.0,0.0,0.0
0.4375,-0.18669524563937687,-0.5,-0.1926605504587156,1.0,0.7363501652798358,-0.1606226782239519,0.7768052516411387,14.33332001826067,0.0,0.0,0.0,0.0,0.0,0.0,0.0,0.0,0.0,0.0,-0.5479626774818499,0.0,0.0,0.0,0.0,1.0,0.0,0.0,1.0,0.0
1.25,-0.1435161455663762,-0.5,2.5137614678899083,0.25,0.8462327596033283,-0.06226782239518838,0.7505470459518607,-0.4028132846382104,1.532098594854943,0.0,0.2532682795232322,0.937070757895139,0.236415570560316,0.2454186945697561,0.0,0.9808031567175365,0.0,0.0,0.45880517724458353,0.0,0.0,0.0,1.0,0.0,0.0,0.0,1.0,0.0
0.0625,0.016774614416849187,0.0,-0.3211009174311927,0.0,-0.1541091986777613,-0.05618255793384043,0.34354485776805327,-0.2731739328920338,0.7215826098857057,0.0,0.23856687389879,0.8826768269356318,0.2226924102605584,0.0,0.0,1.8477414025051973,0.0,0.0,-0.5479626774818499,0.0,0.0,0.0,1.0,0.0,0.0,0.0,1.0,0.0
-0.75,-0.1905471941350978,-0.5,-0.11926605504587157,-0.75,0.4450017097914054,-0.1693967804705466,0.7789934354485786,-0.3962166172106824,0.0,0.0,0.0,0.0,0.0,0.4511885108412084,0.0,0.0,2.5113946004620558,0.0,-0.5479626774818499,0.0,0.0,0.0,1.0,0.0,0.0,1.0,0.0,0.0
1.0625,1.8534085084572016,-0.5,2.5137614678899083,1.0,-0.6282913484554885,4.486396603573325,-0.473377097009482,1.532886327322529,0.9017603620827777,0.0,0.0,0.0,0.2782982651722379,0.0,0.25733120241447,1.1545593902424736,0.0,0.0,-0.5479626774818499,0.0,1.0,0.0,0.0,0.0,0.0,1.0,0.0,0.0
0.1875,-0.10002640448565615,0.0,0.23853211009174313,0.5,0.8261712071127324,-0.1892092694144702,0.37928519328957006,-0.1345754393973978,0.0,0.0,0.8212419719614472,0.0,0.0,0.0,0.0,0.0,0.0,0.0,-0.5479626774818499,1.0,0.0,0.0,0.0,0.0,0.0,0.0,1.0,0.0
-0.4375,-0.28970380379913957,-0.5,0.8623853211009175,-0.75,3.307420494699647,-0.39525915443127546,0.8395331874544136,-0.5168055238530016,0.0,0.0,0.0,0.9575957797150365,0.0,0.0,0.0,1.0022860661168973,4.187893783709788,0.0,-0.5479626774818499,0.0,0.0,0.0,1.0,0.0,0.0,1.0,0.0,0.0
-1.0,-0.29846388021682746,-1.0,0.12844036697247707,0.0,0.0,0.0,-0.5769511305616338,-0.646889979456745,1.16022897899769,0.0,0.0,0.0,0.0,0.3717017721755343,0.0,1.4854869640081345,0.0,0.0,-0.5479626774818499,0.0,0.0,0.0,0.0,1.0,0.0,1.0,0.0,0.0
1.5,0.9262072286162498,0.0,-0.7155963302752294,0.5,-0.5088339222614842,0.9795860604988502,0.06491611962071488,3.7876455147226653,0.7106947837344102,0.2217142682107066,0.0,0.8693582800252868,0.0,0.0,0.0,1.819861175227806,0.0,0.2193322457902506,-0.08095313567537005,0.0,0.0,0.0,1.0,0.0,0.0,1.0,0.0,0.0
-1.3125,0.22471770498423504,0.5,-0.4036697247706422,-0.5,-0.03465177248375696,-0.0179727578277021,-0.07221006564551388,-0.3616354713535722,0.0,0.0,0.0,0.0,0.0,0.2001239438477931,0.0,1.5995700425738242,2.227850133264592,0.0,-0.13748385479018857,0.0,0.0,0.0,1.0,0.0,0.0,0.0,1.0,0.0
-0.625,-0.2176972182097759,-0.5,-0.7614678899082569,-1.0,0.8576313689729853,-0.23124004953122237,0.7957695113056165,-0.8081659438484364,0.0,0.0,0.0,0.0,0.0,0.0,0.0,0.0,0.0,0.0,-0.5479626774818499,0.0,0.0,0.0,1.0,0.0,0.0,1.0,0.0,0.0
-0.3125,0.05032384325054752,0.0,-0.7155963302752294,-0.5,0.7112732246665908,-0.0179727578277021,0.33333333333333404,-0.18273795937000684,2.4961965093285383,0.0,0.0,0.0,0.0,0.2665682616711723,0.0,0.0,0.0,0.0,-0.0011983867432720254,0.0,0.0,0.0,0.0,1.0,0.0,1.0,0.0,0.0
0.625,1.875401891803737,-0.5,0.13761467889908258,-0.5,-0.571298301607204,4.536493897045816,-0.4865061998541214,0.0674446473407898,0.0,0.0,0.0,1.3943353682495048,0.3517798297084658,0.0,0.0,1.4594079680534195,2.032635114173289,0.0,-0.5479626774818499,0.0,0.0,0.0,0.0,1.0,0.0,0.0,1.0,0.0
0.1875,-0.29846388021682746,-1.0,0.5963302752293578,0.5,0.0,0.0,-0.5769511305616338,-0.35204861903674955,0.0,0.0,0.0,0.0,0.0,0.4000768922579097,0.0,0.0,0.0,0.0,-0.5479626774818499,0.0,0.0,0.0,1.0,0.0,0.0,1.0,0.0,0.0
-0.25,0.1137567370268549,1.5,-0.7064220183486238,0.0,0.37980166419696804,-0.22741906952060856,-0.8264040846097741,0.6889694133759415,0.0,0.0,0.0,0.0,0.0,0.0,0.0,0.0,0.0,0.0,-0.5479626774818499,0.0,0.0,0.0,1.0,0.0,0.0,0.0,1.0,0.0
0.5625,-0.1510336579531864,-0.5,-0.3669724770642202,-0.75,0.3743303316995327,-0.07939147355386521,0.7549234135667405,-0.22177014380278467,0.0,0.0,0.564575838271978,1.0444409178573755,0.0,0.0,0.0,0.0,0.0,0.0,0.5741612746321737,0.0,0.0,0.0,0.0,1.0,0.0,1.0,0.0,0.0
0.3125,-0.2760977276610285,-0.5,-0.43119266055045874,-0.25,1.6792431323378547,-0.3642667610118521,0.8315098468271342,0.16212622688883824,0.0,0.0,0.0,0.0,0.6133531171110488,0.0,0.0,0.0,3.5440436828364192,0.0,0.758009260914905,0.0,0.0,1.0,0.0,0.0,0.0,0.0,1.0,0.0
0.5625,-0.29846388021682746,-1.0,-0.7798165137614679,-0.25,0.0,0.0,-0.5769511305616338,0.8648310887925132,0.0,0.0,0.0,0.9042230478917667,0.228128352080155,0.0,0.0,0.0,1.3181588590821096,0.0,0.42351433260542964,0.0,0.0,0.0,0.0,1.0,0.0,1.0,0.0,0.0
0.5,0.1612848112079276,-0.5,0.03669724770642202,-0.5,-0.4158212698050838,0.6320183973111623,0.5638220277169954,0.45637411549874457,0.0,0.0,0.0,0.0,0.0,0.0,0.0,0.0,0.0,0.0,-0.5479626774818499,0.0,0.0,0.0,0.0,1.0,0.0,0.0,1.0,0.0
0.125,3.7192426572231803,-0.5,-0.045871559633027525,1.25,-0.5722101903567764,8.736458517601273,-1.616338439095551,-0.5064197671764437,0.8033461131941124,0.0,0.2655992096508803,0.0,0.0,0.0,0.4584943627057658,0.0,0.0,0.0,-0.020070382756633982,0.0,0.0,0.0,0.0,1.0,0.0,0.0,1.0,0.0
-1.125,-0.05374089433546122,0.5,1.2935779816513762,-1.75,1.4380485580759148,-0.22940031841500091,-0.015317286652078325,-0.7678555124400821,0.0,0.0,0.0,0.0,0.0,0.0,0.0,2.68409536461114,0.0,0.0,-0.5479626774818499,0.0,0.0,0.0,0.0,1.0,0.0,0.0,1.0,0.0
0.25,0.9016665890064148,0.5,-0.14678899082568808,-0.25,-0.262623959876895,0.49601981248894395,-0.21006564551422297,0.9819847066879707,0.0,0.0,0.0,1.2575943798609066,0.0,0.0,0.0,0.0,0.0,0.0,0.803168584764053,0.0,0.0,0.0,1.0,0.0,0.0,0.0,1.0,0.0
0.4375,-0.1686159389901061,-0.5,-0.5779816513761468,-0.5,1.0637182263763822,-0.11944100477622505,0.765864332603939,-0.1283211595526135,1.3105050556030664,0.0,0.0,0.0,0.0,0.0,0.0,0.0,0.0,0.0,-0.5479626774818499,0.0,0.0,0.0,1.0,0.0,0.0,0.0,1.0,0.0
0.0625,0.4924281254368389,1.5,-0.7247706422018348,-0.5,0.5950074090960903,-0.054908897930302486,-0.8723559445660102,0.075433690938142,0.0,0.0,0.0,0.0,0.0,0.0,0.0,1.752140522265639,0.0,0.0,-0.5479626774818499,0.0,0.0,0.0,1.0,0.0,0.0,0.0,1.0,0.0
1.3125,11.586661075128529,1.0,-0.5229357798165137,0.5,-0.6086857403396786,6.352874579869097,-2.1911013858497457,18.65421707372746,0.0,0.2689315224092703,0.0,1.0545006762673246,0.0,0.0,0.0,0.0,0.0,0.0,-0.5479626774818499,1.0,0.0,0.0,0.0,0.0,0.0,0.0,1.0,0.0
-0.9375,1.430066943137164,0.5,-0.4954128440366973,0.0,-0.34195828108970705,0.8972227136033963,-0.31801604668125466,-0.4423590504451038,0.0,0.2717640464239628,0.0,0.0,0.0,0.0,0.0,0.0,0.0,0.2688443062697545,0.5969018711480523,0.0,0.0,1.0,0.0,0.0,0.0,0.0,1.0,0.0
0.6875,-0.1541400680303807,-0.5,-0.3119266055045872,0.75,0.3588282229567992,-0.08646736246240934,0.7563822027717002,1.299161150422278,1.0072946085434813,0.0,0.0,0.0,0.0,0.0,0.0,0.0,0.0,0.0,0.775857911514693,0.0,0.0,0.0,1.0,0.0,0.0,0.0,1.0,0.0
0.0625,0.7184505226534956,0.5,-0.47706422018348627,-0.75,-0.24028268551236748,0.3569078365469663,-0.17286652078774553,-0.4855569504679297,0.0,0.0,0.0,1.1200685903122631,0.2825844821368276,0.2933458001405087,0.0,2.3446827251040125,1.6328143133954314,0.0,0.05372563810921464,0.0,0.0,0.0,1.0,0.0,0.0,1.0,0.0,0.0
1.8125,1.4057126881319606,-0.5,0.46788990825688076,0.75,-0.5690185797332725,3.4666194940739437,-0.19912472647702342,2.0520942707144485,0.0,0.0,0.0,0.0,0.0,0.4676534932050445,0.0,0.9344765344579727,1.3015207939721989,0.0,-0.5479626774818499,0.0,0.0,0.0,1.0,0.0,0.0,0.0,1.0,0.0
0.125,0.16171970861873483,0.5,-0.24770642201834864,1.25,1.1357574375926136,-0.06580576684946045,-0.059080962800875464,0.311806665144944,1.0550426110750646,0.0,0.0,1.2905821890207807,0.0,0.0,0.0,0.0,0.0,0.0,-0.5479626774818499,1.0,0.0,0.0,0.0,0.0,0.0,0.0,1.0,0.0
-0.625,0.21670316698507375,0.5,-0.26605504587155965,1.5,0.3939359398153426,-0.024058022289050053,-0.07075127644055429,0.5868123716046564,0.0,0.0,0.0,0.0,0.0,0.0,0.0,0.0,0.0,0.0,0.4894222267175411,0.0,0.0,0.0,1.0,0.0,0.0,0.0,1.0,0.0
1.125,0.13811099203205815,-0.5,0.7981651376146789,-0.75,-0.24666590675937533,0.5792322660534229,0.5776805251641142,-0.3344841360419995,0.848660458897777,0.0,0.0,1.0381249641316592,0.0,0.0,0.2421783275385683,0.0,1.513358481068312,0.2619107507520344,1.1250446716500628,0.0,0.0,1.0,0.0,0.0,0.0,0.0,1.0,0.0
-0.1875,-0.29846388021682746,-1.0,-0.6788990825688074,-0.25,0.0,0.0,-0.5769511305616338,-0.08748573385071898,0.7324089162529731,0.0,0.0,2.6877603590804577,0.0,0.0,0.0,0.0,1.3060550110477067,0.0,-0.06668441257466842,0.0,0.0,0.0,0.0,1.0,0.0,0.0,1.0,0.0
-0.6875,1.6219188295046831,0.0,-0.22018348623853212,0.0,-0.6255556822067707,1.7719441004776229,-0.14806710430342832,-0.26127025793197894,1.4639240843262886,0.0,0.0,0.0,0.0,0.0,0.2088766376873666,0.0,0.0,0.225895675914875,-0.5479626774818499,0.0,1.0,0.0,0.0,0.0,0.0,0.0,1.0,0.0
0.0,-0.29846388021682746,-1.0,0.5688073394495413,0.0,0.0,0.0,-0.5769511305616338,-0.15600890207715126,0.0,0.0,0.0,1.4126015032694919,0.0,0.0,0.0,0.0,0.0,0.0,-0.5479626774818499,0.0,0.0,0.0,1.0,0.0,0.0,0.0,1.0,0.0
1.25,-0.29846388021682746,-1.0,0.7155963302752294,0.0,0.0,0.0,-0.5769511305616338,0.6732424104085825,0.0,0.2947489797681347,0.0,0.0,0.0,0.0,0.0,1.2096700610360882,0.0,0.0,0.07288408669043851,0.0,0.0,0.0,0.0,1.0,0.0,1.0,0.0,0.0
-0.0625,1.9040429927154685,0.5,-0.5963302752293578,0.75,-0.5644591359854098,1.2571024234919512,-0.41502552881108684,1.1733907783611046,0.0,0.0,0.0,1.4827058130220554,0.0,0.0,0.3458920904861841,0.0,0.0,0.0,-0.5479626774818499,0.0,0.0,0.0,0.0,1.0,0.0,0.0,1.0,0.0
0.125,-0.2119192954661945,-0.5,-0.7064220183486238,0.0,1.5379003761541092,-0.21807889616133028,0.792122538293217,0.9050502168454692,0.0,0.0,0.4860690360916396,1.7984134487634147,0.4537255463480447,0.0,0.0,0.0,2.62169231950794,0.0,-0.5479626774818499,0.0,0.0,0.0,1.0,0.0,0.0,0.0,1.0,0.0
1.1875,-0.019632511687867896,1.0,1.128440366972477,-0.5,0.3100421748546678,-0.2564302140456395,-0.4135667396061272,0.7849178269801416,0.7748274332946343,0.0,0.0,0.0,0.0,0.0,0.2211089369828865,0.0,0.0,0.0,0.9794938884745023,0.0,0.0,0.0,1.0,0.0,0.0,0.0,1.0,0.0
-0.5,0.015904819595234782,0.0,-0.07339449541284404,0.25,-0.1714350849196398,-0.05717318238103661,0.34354485776805327,-0.31386099064140605,0.0,0.0,0.0,1.2587420063199168,0.0,0.0,0.0,0.0,1.8349697353965178,0.0,0.12821944573544478,0.0,0.0,0.0,1.0,0.0,0.0,0.0,1.0,0.0
-0.0625,0.2527375238805275,1.0,-0.4954128440366973,0.5,0.5366465291234471,-0.10132672917035204,-0.45514223194748343,1.4513410180324129,0.0,0.0,0.0,1.262930085941136,0.0,0.0,0.0,0.0,1.8410750368131565,0.0,0.1304692352524868,0.0,0.0,0.0,1.0,0.0,0.0,1.0,0.0,0.0
0.125,0.02230402435425503,-0.5,0.3486238532110092,-0.75,-0.21748546677305367,0.31544312754289766,0.6484318016046685,-0.24612531385528413,0.8955900344656378,0.2793957316880422,0.0,0.0,0.0,0.0,0.2555704044333496,0.0,0.0,0.2763939993122614,0.6290519882077433,0.0,0.0,1.0,0.0,0.0,0.0,0.0,1.0,0.0
0.25,-0.2391935759439604,-0.5,-0.03669724770642202,0.0,1.7366921235609256,-0.2802052007783478,0.8088986141502559,-0.3638267518831316,0.0,0.0,0.0,1.4425591756739549,0.0,0.0,0.0,0.0,0.0,0.0,0.2269639725992097,0.0,1.0,0.0,0.0,0.0,0.0,1.0,0.0,0.0
0.3125,-0.2794526505443984,0.0,1.5963302752293578,1.5,2.9285307192522514,-0.39356094109322487,0.4339897884755657,0.5546393517461765,0.0,0.0,0.0,1.3886973599590768,0.0,0.0,0.3239613878021162,0.0,0.0,0.0,0.1980300077934239,1.0,0.0,0.0,0.0,0.0,0.0,0.0,1.0,0.0
0.3125,-0.03212028019818898,0.5,-0.7247706422018348,1.25,0.5252479197537901,-0.21298425614717853,-0.019693654266958144,-0.4294053868979685,1.9456634981124787,0.3034927007635817,0.0,0.0,0.0,0.0,0.0,1.245554892659816,0.0,0.3002320787770141,0.0913014901743079,0.0,0.0,0.0,1.0,0.0,0.0,1.0,0.0,0.0
-0.1875,1.1626671636922792,-0.5,0.23853211009174313,1.25,-0.6064060184657473,2.9130019458694503,-0.05032822757111583,0.3999372289431636,0.8279179714774659,0.0,0.0,0.0,0.5110185473997286,0.2652395197713469,0.0,1.0600160624847503,0.0,0.0,-0.003923799805870211,0.0,0.0,1.0,0.0,0.0,0.0,0.0,1.0,0.0
0.125,0.49118556140596126,0.0,-0.045871559633027525,-1.0,-0.10851476119913371,0.48413231912258975,0.19839533187454414,-0.515812599863045,1.3192883875127541,0.0,0.0,0.0,0.407154367107761,0.0,0.0,1.68913700389603,0.0,0.0,-0.5479626774818499,0.0,0.0,0.0,0.0,1.0,0.0,1.0,0.0,0.0
0.1875,3.007999005948776,2.0,0.8440366972477065,-0.25,-0.35791633420722674,0.8400495312223598,-1.5185995623632387,-0.2295651677699155,0.5123959414993408,0.4795539258359772,0.0,0.0,0.0,0.0,0.0,0.0,0.0,0.3162678414278586,0.1254453714859959,0.0,1.0,0.0,0.0,0.0,0.0,0.0,1.0,0.0
-0.4375,-0.1542021962319246,0.5,-0.08256880733944955,-1.0,0.6656787871879631,-0.3056784008491067,0.005105762217360133,-0.41706802099977175,1.7332777830256798,0.0,0.0,0.0,0.0,0.2776445146973048,0.0,1.109591984986393,1.545418197282329,0.0,0.02152037051577813,0.0,0.0,0.0,1.0,0.0,0.0,1.0,0.0,0.0
-0.5,-0.14544211981423666,0.5,-0.14678899082568808,1.5,2.0891371252707174,-0.29902706527507517,0.0036469730123995024,0.12275165487331666,0.8621549787797862,0.0,0.0,0.0,0.0,0.0,0.0,1.1038510545034674,1.537422340645212,0.0,-0.5479626774818499,0.0,0.0,0.0,1.0,0.0,0.0,1.0,0.0,0.0
-0.1875,-0.09244676389730211,0.0,0.6146788990825688,0.0,0.6624871765644591,-0.1805766849460464,0.37709700948213015,0.4455660808034695,1.2644376347516237,0.0,0.0,0.0,0.0,0.0,0.3608267457855676,0.0,0.0,0.0,-0.5479626774818499,0.0,0.0,1.0,0.0,0.0,0.0,0.0,1.0,0.0
1.0,2.5297361104639426,-0.5,0.22018348623853212,-0.25,-0.6155249059614728,6.026959136741555,-0.8876732312180895,1.2320189454462451,0.6928001965306154,0.0,0.0,0.0,0.0,0.0,0.1977012021180846,0.0,0.0,0.0,0.8177894417828047,0.0,0.0,0.0,1.0,0.0,0.0,0.0,1.0,0.0
0.0625,-0.005094512526598639,0.0,1.6238532110091743,0.0,0.45594437478627614,-0.08108968689191581,0.3501094091903719,0.4502682036064826,2.044913831061689,0.0,0.0,0.0,0.0,0.0,0.0,0.0,1.823277882717912,0.0,-0.5479626774818499,1.0,0.0,0.0,0.0,0.0,0.0,0.0,1.0,0.0
0.4375,3.8685988537346825,0.0,1.0275229357798166,8.5,-0.48330103727345264,4.330727047585354,-0.8366156090444934,0.08712052042912581,0.0,0.2559284409383427,0.0,0.0,0.0,0.0,0.234104274827074,0.0,0.0,0.0,-0.5479626774818499,0.0,0.0,0.0,1.0,0.0,0.0,0.0,1.0,0.0
0.625,-0.11829209573955858,-0.5,-0.13761467889908258,0.25,0.06930354496751392,-0.004811604457810011,0.7345003646973021,0.2130734992010957,0.0,0.267233884521145,0.0,0.0,0.0,0.0,0.0,0.0,0.0,0.0,1.1407077221170754,1.0,0.0,0.0,0.0,0.0,0.0,1.0,0.0,0.0
0.3125,0.02323594737741331,0.0,0.22935779816513763,-0.75,0.3191610623503933,-0.04882363346895453,0.34135667396061337,-0.6738244692992467,0.0,0.0,0.0,0.9997166028163312,0.2522206237491959,0.2618256322009256,0.0,0.0,0.0,0.0,0.5261104712871613,1.0,0.0,0.0,0.0,0.0,0.0,0.0,1.0,0.0
-0.3125,-0.29846388021682746,-1.0,-0.11009174311926606,-0.25,0.0,0.0,-0.5769511305616338,-0.16399794567450346,0.0,0.0,0.5348549389845424,1.9789170755283194,0.0,0.0,0.0,0.0,2.884827013178223,0.0,-0.5479626774818499,0.0,0.0,0.0,0.0,1.0,0.0,0.0,1.0,0.0
-0.6875,0.07964835437926161,-0.5,-0.045871559633027525,0.0,-0.051977658725635444,0.44606403679462237,0.613420860685631,0.046399223921479084,0.0,0.0,0.0,0.0,0.0,0.0,0.0,0.0,0.0,0.0,-0.5479626774818499,0.0,0.0,0.0,1.0,0.0,0.0,1.0,0.0,0.0
-1.1875,-0.17091468244722988,-0.5,0.8073394495412844,1.5,-0.23709107488886352,-0.12467716256854766,0.7673231218088997,0.5361846610362931,1.3704615299423684,0.0,0.0,1.676418774668761,0.0,0.0,0.0,1.7546559983036631,0.0,0.0,-0.5479626774818499,0.0,0.0,0.0,1.0,0.0,0.0,1.0,0.0,0.0
0.4375,-0.012177127502601625,0.5,-0.4036697247706422,-0.5,0.6966830046734298,-0.19784185388289405,-0.02407002188183796,0.2214734078977403,0.0,0.0,0.0,0.0,0.0,0.0,0.0,0.0,0.0,0.0,-0.5479626774818499,0.0,0.0,0.0,1.0,0.0,0.0,0.0,1.0,0.0
-0.0625,5.822406535886803,0.5,0.5229357798165137,1.5,-0.6073179072153196,4.232230673978419,-1.2151714077315832,-0.2201495092444647,0.0,0.3601079228329602,0.0,1.4120101829442078,0.0,0.0,0.0,0.0,0.0,0.3562390462248173,-0.5479626774818499,0.0,0.0,0.0,1.0,0.0,0.0,0.0,1.0,0.0
1.4375,3.510367643632636,-0.5,-0.3119266055045872,0.75,-0.5485010828678901,8.260675747390765,-1.4886943836615614,4.305324126911664,0.791773464740187,0.0,0.2617731050211971,0.0,0.0,0.0,0.0,0.0,0.0,0.0,0.4926127465838121,0.0,0.0,0.0,1.0,0.0,0.0,0.0,1.0,0.0
-0.5625,3.643943276951991,1.0,2.4220183486238533,0.75,-0.5845206884760059,1.8298248717495134,-0.9744711889132024,-0.15708171650308148,0.0,0.0,0.0,0.0,0.0,0.0,0.0,0.0,0.0,0.5312733187208453,0.5832422133261319,0.0,0.0,0.0,0.0,1.0,0.0,1.0,0.0,0.0
1.8125,-0.2624295233213737,-0.5,-0.29357798165137616,0.0,2.2455260458224098,-0.33313284981425795,0.8227571115973746,0.5800330974663318,0.0,0.0,0.0,0.0,0.0,0.0,0.0,0.0,0.0,0.0,-0.5479626774818499,0.0,0.0,0.0,1.0,0.0,0.0,0.0,1.0,0.0
0.4375,-0.21601975676809096,-0.5,-0.06422018348623854,0.5,1.2711729169041377,-0.22741906952060856,0.7943107221006569,0.1882618123716047,0.0,0.0,0.2022863946552382,0.0,0.0,0.0,0.1745998636882485,0.7833714305334777,0.0,0.0,0.2561468618997593,1.0,0.0,0.0,0.0,0.0,0.0,1.0,0.0,0.0
1.0625,0.0,0.0,0.01834862385321101,-0.5,0.781032714008891,-0.3119051830886255,0.0,-0.09064711253138547,1.492668238193576,0.2328326123159849,0.0,0.9129541414287939,0.2303311382014596,0.0,0.0,0.0,0.0,0.2303311382014596,0.92332357494766,0.0,1.0,0.0,0.0,0.0,0.0,0.0,1.0,0.0
-0.8125,0.024789152416010454,-0.5,-0.46788990825688076,-1.25,-0.23344351989057333,0.3211038386697329,0.6469730123997088,-0.8740070760100432,0.0,0.0,0.0,0.0,0.0,0.0,0.0,0.0,0.0,0.0,-0.5479626774818499,0.0,0.0,0.0,0.0,0.0,1.0,1.0,0.0,0.0
1.125,2.1647950545951575,-0.5,0.5045871559633027,-0.5,-0.5612675253619058,5.195683707765789,-0.6637490882567468,0.353920337822415,0.0,0.0,0.0,0.0,0.0,0.0,0.5863465246776274,0.0,0.0,0.0,0.12713354527119766,0.0,0.0,1.0,0.0,0.0,0.0,0.0,1.0,0.0
-0.6875,0.0,0.0,0.41284403669724773,0.5,-0.6178046278354041,1.5112683530868565,0.0,4.334472723122574,0.0,0.3239274876286536,0.0,0.0,0.0,0.0,0.0,0.0,0.0,0.0,0.13434445952304125,0.0,1.0,0.0,0.0,0.0,0.0,1.0,0.0,0.0
0.0625,-0.29846388021682746,-1.0,0.8256880733944955,1.0,0.0,0.0,-0.5769511305616338,1.75228829034467,0.984508315578047,0.0,0.0,0.0,0.0,0.315406262251823,0.0,0.0,0.0,0.0,0.7459113958491654,0.0,1.0,0.0,0.0,0.0,0.0,0.0,1.0,0.0
-0.375,-0.29846388021682746,-1.0,1.275229357798165,0.5,0.0,0.0,-0.5769511305616338,0.8277162748230998,0.9111078981008605,0.0,0.3012269975143222,1.1145138719723902,0.0,0.0,0.0,0.0,0.0,0.0,0.6494460886062875,0.0,0.0,0.0,1.0,0.0,0.0,0.0,1.0,0.0
0.375,0.5544320705776371,0.0,2.5137614678899083,0.0,-0.23526729738971844,0.5561648682115691,0.17870167760758598,-0.45591759872175297,0.0,0.0,0.0,0.0,0.0,0.0,0.0,0.0,0.0,0.0,0.21065626316933383,0.0,0.0,0.0,1.0,0.0,0.0,0.0,1.0,0.0
-0.4375,0.02559681903608094,1.0,-0.07339449541284404,0.0,0.8248033739883734,-0.23067397841853884,-0.42013129102844593,0.405643688655558,0.7044812000578573,0.0,0.0,0.0,0.0,0.0,0.2010345563100233,1.8039501822800736,0.0,0.0,-0.08503618641976317,1.0,0.0,0.0,0.0,0.0,0.0,1.0,0.0,0.0
-0.1875,-0.21496357734184493,0.0,0.22018348623853212,0.75,1.9067593753562067,-0.32011321422253675,0.41429613420860756,0.15347523396484822,0.731769160786452,0.0,0.0,0.8951375380216624,0.0,0.2344363904120941,0.0,0.9369129445038719,1.3049141786324363,0.0,0.4137530640950697,0.0,0.0,0.0,1.0,0.0,0.0,1.0,0.0,0.0
0.0,0.4334063339701474,0.0,1.1559633027522935,-0.5,-0.3820813860708993,0.4183265522731293,0.21590080233406342,-0.29425359506961885,0.5600330907910959,0.0,0.0,0.6850611763450589,0.0,0.0,0.3196281289461595,0.0,0.0,0.0,1.660080520070776,0.0,0.0,0.0,1.0,0.0,0.0,1.0,0.0,0.0
-0.6875,0.045353587127036674,0.0,-0.3577981651376147,1.0,0.442721987917474,-0.023633468954537388,0.3347921225382936,0.8611218899794568,0.0,0.0,0.0,0.0,0.0,0.0,0.0,0.0,0.0,0.0,0.8150073479921788,0.0,0.0,0.0,1.0,0.0,0.0,0.0,1.0,0.0
0.75,0.4271935138157588,1.5,-0.07339449541284404,0.5,0.1486378661803261,-0.08462763134618788,-0.8643326039387308,-0.46483108879251306,0.6910771025219405,0.0,0.2284812600982819,0.0,0.2132779026657398,0.0,0.0,1.7696265918262328,2.4647015969897312,0.0,-0.09384424522622441,0.0,1.0,0.0,0.0,0.0,0.0,1.0,0.0,0.0
0.875,0.19396424522001154,0.5,-0.6697247706422018,0.0,0.4317793229226035,-0.04132319122589773,-0.06564551422319416,1.4090333257247203,0.8892745122292929,0.0,0.0,0.0,0.0,0.0,0.0,0.0,0.0,0.0,1.2051092121730302,0.0,0.0,0.0,1.0,0.0,0.0,1.0,0.0,0.0
-0.125,1.4990913750524208,-0.5,0.8165137614678899,-0.75,-0.5298073635016528,3.6793207146647804,-0.256017505470459,-0.2801015749828806,0.7654202371889888,0.2387868767944151,0.0,0.0,0.0,0.0,0.2184244487452096,0.0,0.0,0.2362214320946884,0.45797844503698587,0.0,0.0,0.0,1.0,0.0,0.0,0.0,1.0,0.0
0.375,1.189444418557694,0.5,-0.6238532110091743,0.0,-0.5316311410007979,0.7145232619847868,-0.2691466083150984,0.15542684318648717,0.0,0.0,0.0,0.0,0.3129546765862977,0.0,0.0,2.596672748566246,0.0,0.3129546765862977,-0.5479626774818499,0.0,0.0,0.0,0.0,1.0,0.0,0.0,1.0,0.0
0.75,0.06852740630290606,-0.5,-0.3944954128440367,0.0,0.5102017553858429,0.42073235450203433,0.6199854121079507,-0.3339933805067336,2.1595798909882236,0.0,0.0,0.8805695977962549,0.0,0.0,0.0,2.7649953878660196,0.0,0.0,0.3981015950838499,0.0,1.0,0.0,0.0,0.0,0.0,1.0,0.0,0.0
0.4375,0.05119363807216192,1.0,-0.48623853211009177,7.25,-0.5298073635016528,-0.21609764726693792,-0.42377826404084645,-0.37601574982880615,0.0,0.0,0.0,1.4666642136519359,0.3700278276421481,0.0,0.0,0.0,2.138074705164346,0.0,0.23991292931817831,0.0,0.0,0.0,0.0,1.0,0.0,1.0,0.0,0.0
0.3125,0.39706133606697425,1.5,-0.6513761467889908,0.5,-0.06246437934571978,-0.09835485582876348,-0.8606856309263313,1.0356140150650535,0.0,0.0,0.0,0.0,0.0,0.0,0.0,0.0,0.0,0.0,0.840034367003882,0.0,1.0,0.0,0.0,0.0,0.0,0.0,1.0,0.0
0.5625,-0.29846388021682746,-1.0,0.12844036697247707,0.0,0.0,0.0,-0.5769511305616338,0.6903275507874914,1.281713197891583,0.0,0.0,1.5678572668701949,0.0,0.0,0.0,0.0,0.0,0.0,-0.1268449860521945,0.0,1.0,0.0,0.0,0.0,0.0,0.0,1.0,0.0
1.625,-0.208377987978193,0.0,-0.027522935779816515,0.75,1.5073521030434287,-0.31261277197947995,0.41210795040116766,0.9815396028304041,0.7854992544840328,0.0,0.0,0.960862942107338,0.0,0.2516498641384627,0.0,0.0,1.400727400673482,0.0,-0.5479626774818499,0.0,0.0,0.0,0.0,1.0,0.0,0.0,1.0,0.0
0.9375,-0.29846388021682746,-1.0,-0.26605504587155965,0.0,0.0,0.0,-0.5769511305616338,1.0071387811002053,0.762994918637301,0.0,0.504516905053447,0.933334485233033,0.0,0.0,0.0,0.9768925149751962,1.360596949021835,0.0,-0.5479626774818499,0.0,0.0,0.0,1.0,0.0,0.0,1.0,0.0,0.0
1.1875,-0.29846388021682746,0.5,-0.1743119266055046,-0.75,0.0,0.0,-1.7928519328956973,0.294618808491212,0.0,0.0,0.2437284441582643,0.0,0.0,0.0,0.21036982343528,0.0,0.0,0.0,-0.063539670931362,0.0,0.0,0.0,0.0,1.0,0.0,0.0,1.0,0.0
-0.4375,-0.010126896851653404,0.5,-0.11009174311926606,1.0,0.9912230707853641,-0.19628515832301432,-0.02407002188183796,0.1436601232595298,1.5189316087105482,0.0,0.0,0.0,0.0,0.0,0.0,0.9723740506415656,1.3543037195289693,0.0,0.4501529283368949,0.0,0.0,0.0,0.0,1.0,0.0,0.0,1.0,0.0
1.4375,5.150179395181959,0.0,0.7247706422018348,-0.5,-0.6278354040807022,5.790341411639838,-1.229029905178702,-0.3687913718329148,0.0,0.3541334211151865,0.0,0.0,0.0,0.0,0.0,0.0,0.0,0.3503287325142369,-0.5479626774818499,0.0,0.0,0.0,0.0,1.0,0.0,1.0,0.0,0.0
-0.8125,-0.15122004255781807,0.0,0.23853211009174313,-0.5,1.344124016869942,-0.24751459402087392,0.3946024799416484,-0.16340447386441445,0.6978951007369937,0.0,0.0,0.8537010518449526,0.2153820504581912,0.4471683614740674,0.0,0.0,1.2445088710366927,0.0,-0.08936402348361012,0.0,1.0,0.0,0.0,0.0,0.0,0.0,1.0,0.0
0.5625,-0.29846388021682746,-1.0,0.4036697247706422,0.25,0.0,0.0,-0.5769511305616338,-0.4209598265236247,1.0531452277029079,0.0,0.1740934172279372,0.6441306062229293,0.1625090778924902,0.0,0.0,0.6741917049475635,0.9390011313893377,0.0,-0.20194292223554283,0.0,0.0,0.0,0.0,1.0,0.0,0.0,1.0,0.0
-0.625,-0.17992327167109332,0.5,-0.5229357798165137,-1.0,1.0459363957597174,-0.3252078542366885,0.010211524434719229,-0.8105170052499429,2.328385746480685,0.0,0.0,0.9494002555074775,0.0,0.0,0.0,0.0,0.0,0.0,-0.03795548194147332,0.0,0.0,0.0,0.0,0.0,1.0,1.0,0.0,0.0
-0.9375,-0.29846388021682746,-1.0,0.7522935779816514,0.0,0.0,0.0,-0.5769511305616338,-0.670240812599863,0.0,0.0,0.1900400692639826,0.0,0.0,0.1841501265081813,0.0,0.7359464840516509,1.0250119900544505,0.0,0.20746643983646118,0.0,1.0,0.0,0.0,0.0,0.0,1.0,0.0,0.0
-0.0625,8.023235947377415,0.5,-0.6605504587155964,-0.5,-0.5589878034879745,5.903272598620203,-1.6644784828592272,0.031083086053412475,0.0,0.0,0.0,0.0,0.0,0.0,0.4457566929640789,0.0,0.0,0.0,0.47849061258374714,1.0,0.0,0.0,0.0,0.0,0.0,0.0,1.0,0.0
-0.25,0.017023127223024726,0.0,0.1743119266055046,0.0,0.08936509745811014,-0.055899522377498664,0.34354485776805327,0.44098950011412913,0.8815265279308305,0.0,0.0,0.0,0.0,0.2824140566931036,0.0,0.0,1.5719663068354595,0.0,0.6105692530214744,0.0,0.0,0.0,1.0,0.0,0.0,0.0,1.0,0.0
-0.6875,3.491604926766383,0.0,1.4220183486238531,1.0,-0.5872563547247236,3.901362108614895,-0.7213712618526626,1.0988530015978086,0.59319124206773,0.3701137679749626,0.0,0.7256219262230896,0.0,0.0,0.0,0.0,0.0,0.3661373919818851,1.011221245079164,1.0,0.0,0.0,0.0,0.0,0.0,1.0,0.0,0.0
1.6875,-0.29846388021682746,-1.0,-0.5229357798165137,-1.0,0.0,0.0,-0.5769511305616338,-0.25578064368865555,1.0875268056553562,0.0,0.0,0.0,0.0,0.0,0.0,0.0,0.0,0.0,0.16666954838400305,0.0,0.0,0.0,1.0,0.0,0.0,0.0,1.0,0.0
-1.1875,-0.24571703710606838,-0.5,1.908256880733945,0.25,0.9469964664310955,-0.2950645674862905,0.8125455871626555,-0.3901563569961196,0.0,0.0,0.0,2.190970028818784,0.0,0.0,0.0,0.0,1.5969768522293613,0.0,0.040519616170790536,0.0,1.0,0.0,0.0,0.0,0.0,1.0,0.0,0.0
0.6875,-0.29846388021682746,-1.0,-0.11009174311926606,-0.5,0.0,0.0,-0.5769511305616338,0.31147569048162516,0.9771253759433113,0.0,0.0,0.0,0.0,0.0,0.0,0.0,0.0,0.0,0.09412290489566415,0.0,0.0,0.0,1.0,0.0,0.0,1.0,0.0,0.0
-0.375,1.6117919326530297,0.5,-0.3853211009174312,0.25,-0.10349937307648466,1.035202547320007,-0.35521517140773107,-0.17592444647340788,2.5742104905680976,0.0,0.0,0.0,0.0,0.0,0.0,0.0,0.0,0.2648147423034602,0.5797421068388989,0.0,0.0,1.0,0.0,0.0,0.0,1.0,0.0,0.0
0.3125,0.20924778279980744,1.0,-0.09174311926605505,0.5,0.6187165165849766,-0.12609234035025652,-0.44857768052516367,0.6956003195617437,0.7250690225767535,0.0,0.0,0.0,0.2237683752778632,0.0,0.0,0.9283344930535747,1.2929662778227924,0.0,-0.07150758063653029,0.0,0.0,0.0,0.0,1.0,0.0,1.0,0.0,0.0
-0.3125,-0.29846388021682746,-1.0,-0.5412844036697247,0.0,0.0,0.0,-0.5769511305616338,0.3429867610134673,0.0,0.0,0.0,0.0,0.0,0.0,0.0,0.0,0.0,0.0,-0.5479626774818499,0.0,0.0,0.0,1.0,0.0,0.0,0.0,1.0,0.0
-0.125,-0.29846388021682746,1.5,-0.01834862385321101,-0.75,0.0,0.0,-2.6032093362509126,-0.7888552841816936,0.0,0.0,0.0,0.0,0.0,0.0,0.0,0.0,0.0,0.0,-0.5479626774818499,0.0,1.0,0.0,0.0,0.0,0.0,1.0,0.0,0.0
0.3125,4.177376015407795,0.5,-0.08256880733944955,-0.5,-0.5571640259888294,2.983194763842208,-0.8796498905908102,-0.36534467016662864,0.6779892225818479,0.0,0.0,0.0,0.4184775299153864,0.2172069480347701,0.0,0.8680563665574067,0.0,0.2092387649576932,-0.5479626774818499,0.0,1.0,0.0,0.0,0.0,0.0,1.0,0.0,0.0
0.6875,0.05827625304816491,0.0,-0.5229357798165137,1.5,0.40761427105893083,-0.008915620024765598,0.3304157549234138,1.122888609906414,1.9109229942268808,0.0,0.3158910142431451,1.1687694672476152,0.0,0.0,0.2726556480538246,0.0,0.0,0.0,0.07988720434228865,1.0,0.0,0.0,0.0,0.0,0.0,1.0,0.0,0.0
0.1875,-0.13164965907149404,-0.5,-0.7706422018348624,0.5,0.30730650860595016,-0.03523792676454978,0.7432530999270607,0.5677413832458341,0.0,0.0,0.3046494512251156,1.1271766550839253,0.0,0.0,0.0,0.0,0.0,0.0,0.6630506994434688,0.0,0.0,1.0,0.0,0.0,0.0,0.0,1.0,0.0
0.8125,0.4904400229874346,0.0,0.09174311926605505,-0.5,-0.5216003647554999,0.4832832124535646,0.19839533187454414,-0.09332914859621089,0.0,0.2099108325759983,0.0,0.0,0.0,0.0,0.1920107943391501,0.0,0.0,0.2076556222391633,1.2206264626337586,0.0,0.0,1.0,0.0,0.0,0.0,1.0,0.0,0.0
0.0,0.2972213161859497,-0.5,-0.7522935779816514,0.0,-0.4495611535392682,0.9416592959490535,0.4799416484318017,0.6970611732481169,0.8581395442055356,0.2677123646053118,0.0,0.0,0.0,0.0,0.2448833304668417,1.0987099351013045,0.0,0.2648361543376122,0.01593530589664405,0.0,1.0,0.0,0.0,0.0,0.0,0.0,1.0,0.0
0.4375,0.9203671776711245,0.0,-0.44036697247706424,-0.25,-0.6100535734640374,0.9729347249248188,0.06637490882567447,0.7919824241040857,0.8630369305687714,0.0,0.0,1.0557110010222843,0.0,0.0,0.4925617501270673,0.0,1.5389950652911653,0.0,-0.5479626774818499,0.0,0.0,0.0,1.0,0.0,0.0,1.0,0.0,0.0
0.0,-0.29846388021682746,-1.0,-0.2018348623853211,-0.5,0.0,0.0,-0.5769511305616338,0.4834912120520429,0.0,0.0,0.0,0.0,0.4379466173722137,0.0,0.0,0.0,0.0,0.0,-0.5479626774818499,0.0,0.0,0.0,0.0,1.0,0.0,1.0,0.0,0.0
-0.875,1.1212276532625074,0.5,2.0091743119266057,0.25,0.01914966374102364,0.6627277551742438,-0.2552881108679797,-0.3416400365213421,0.0,0.2062964937967285,0.2186278146059909,0.0,0.0,0.0,0.1887046664394995,0.0,0.0,0.0,-0.5479626774818499,1.0,0.0,0.0,0.0,0.0,0.0,0.0,1.0,0.0
-0.5,0.40091328456269515,-0.5,-0.13761467889908258,1.25,-0.36885899920209736,1.1778524677162567,0.41648431801604746,-0.2720897055466788,0.7795734413898813,0.0,0.2577395801103962,0.0,0.0,0.0,0.2224632834602564,0.0,0.0,0.0,0.47657906392494553,0.0,0.0,0.0,1.0,0.0,0.0,0.0,1.0,0.0
1.3125,-0.29846388021682746,-1.0,-0.3669724770642202,0.5,0.0,0.0,-0.5769511305616338,0.05202579319790006,1.0347421089804854,0.0,0.0,1.265749574530693,0.0,0.0,0.0,0.0,0.0,0.0,1.491876853900306,0.0,0.0,1.0,0.0,0.0,0.0,0.0,1.0,0.0
0.3125,6.335709737042388,0.5,1.073394495412844,0.0,-0.5913598540978,4.621970635061031,-1.3202042304886945,0.714614243323442,1.5220403890163612,0.2374142028063704,0.0,0.0,0.0,0.0,0.434337657650353,0.0,0.0,0.2348635056474397,-0.5479626774818499,0.0,0.0,0.0,1.0,0.0,0.0,1.0,0.0,0.0
0.375,0.7056521131354552,0.0,-0.41284403669724773,0.25,-0.3063946198563775,0.7283920042455334,0.13202042304886966,0.639540059347181,1.5341156354438759,0.0,0.0,0.9383044316023823,0.2367268167185445,0.0,0.0,0.9820944050637563,0.0,0.0,0.46013060867140887,0.0,0.0,1.0,0.0,0.0,0.0,1.0,0.0,0.0
0.375,0.0,0.0,1.651376146788991,0.0,1.8269691097686085,-0.34374668317707413,0.0,1.2592844099520657,0.0,0.4070472223962935,0.0,0.7980313491038183,0.0,0.0,0.0,0.0,0.0,0.4026740459753207,-0.11926916497358823,0.0,0.0,0.0,1.0,0.0,0.0,1.0,0.0,0.0
0.3125,-0.2045260394824721,-0.5,-0.6055045871559633,0.75,0.4554884304114899,-0.20123828055899526,0.7877461706783372,1.2125485049075553,0.0,0.0,0.0,2.7644729112723514,0.0,0.0,0.0,0.0,4.029995107050556,0.0,-0.5479626774818499,0.0,0.0,0.0,0.0,1.0,0.0,0.0,1.0,0.0
-0.375,0.3599086715437305,-0.5,0.10091743119266056,-1.25,-0.41445343668072493,1.0844507341234744,0.442013129102845,-0.8334113216160693,0.0,0.0,0.0,0.0,0.0,0.0,0.0,0.0,0.0,0.0,-0.5479626774818499,0.0,0.0,0.0,1.0,0.0,0.0,0.0,1.0,0.0
-0.875,-0.28019818896292503,0.0,-0.42201834862385323,-1.5,3.022455260458224,-0.3944100477622502,0.4339897884755657,-0.8426101346724492,0.0,0.4032854677626364,0.0,0.0,0.0,0.0,0.0,0.0,0.0,0.0,-0.5479626774818499,0.0,0.0,1.0,0.0,0.0,0.0,0.0,1.0,0.0
0.3125,0.0,0.0,-0.13761467889908258,0.0,1.7362361791861394,-0.3325667787015744,0.0,-0.015082173019858515,0.6558190431335503,0.0,0.2168243757820725,0.8022314619372205,0.0,0.0,0.1871480606511422,0.8396710106006727,2.338954998000706,0.0,-0.5479626774818499,0.0,0.0,0.0,0.0,0.0,1.0,1.0,0.0,0.0
-0.0625,0.0,0.0,-0.7155963302752294,-0.5,1.2406246437934574,-0.33143463647620736,0.0,-0.021359278703492388,0.6307171867135338,0.0,0.0,0.0,0.0,0.0,0.1799848594648771,0.8075321128836453,0.0,0.0,-0.5479626774818499,0.0,0.0,0.0,1.0,0.0,0.0,0.0,1.0,0.0
0.1875,1.05891306711399,0.0,-0.6788990825688074,0.5,-0.371594665450815,1.1307270475853528,0.02407002188183796,-0.33880963250399454,0.0,0.0,0.0,2.9123770314487505,0.0,0.0,0.0,3.048295512297087,0.0,0.0,-0.5479626774818499,0.0,0.0,0.0,1.0,0.0,0.0,1.0,0.0,0.0
-0.6875,-0.29846388021682746,-1.0,0.30275229357798167,-0.25,0.0,0.0,-0.5769511305616338,-0.09776877425245373,0.5379950362719516,0.1678374155797999,0.0,0.0,0.0,0.0,0.1535251663281349,0.0,0.0,0.332068455348707,0.5126141881452547,0.0,0.0,1.0,0.0,0.0,0.0,0.0,1.0,0.0
-1.4375,-0.29846388021682746,-1.0,0.30275229357798167,0.0,0.0,0.0,-0.5769511305616338,-0.00977516548733159,0.0,0.2207508153730848,0.0,0.865580509164801,0.0,0.0,0.0,0.9059765109829743,0.0,0.2183791439610632,1.3119579847791256,0.0,0.0,0.0,1.0,0.0,0.0,0.0,1.0,0.0
-0.6875,0.11282481400369666,-0.5,-0.44036697247706424,0.5,-0.23070785364185567,0.5216345303378738,0.5929978118161935,-0.11623487788176218,0.0,0.0,0.0,0.0,0.0,0.0,0.0,0.0,0.0,0.0,-0.5479626774818499,0.0,0.0,0.0,1.0,0.0,0.0,0.0,1.0,0.0
-0.1875,0.4357672056288152,-0.5,2.4954128440366974,-0.25,-0.4714464835290094,1.2572439412701222,0.39533187454412866,-0.26639465875370916,0.0,0.0,0.0,0.0,0.3028658599233799,0.0,0.2800478682687472,1.2564815031886245,0.0,0.0,0.7417815273616523,0.0,0.0,0.0,0.0,1.0,0.0,0.0,1.0,0.0
0.3125,0.2591988568410917,-0.5,0.11926605504587157,-0.25,-0.17006725179528098,0.8550504157084735,0.5032822757111604,0.10645400593471807,2.2058403961802613,0.0,0.0,0.8994323380082705,0.0,0.0,0.0,1.8828163592552594,0.0,0.0,0.41836730110179193,1.0,0.0,0.0,0.0,0.0,0.0,0.0,1.0,0.0
0.375,-0.29846388021682746,-1.0,-0.25688073394495414,-0.25,0.0,0.0,-0.5769511305616338,-0.3625370919881305,0.9079516924135286,0.0,0.1500917524498827,0.5553265197157065,0.0,0.1454399343702981,0.0,0.0,2.4286327583217515,0.0,-0.5479626774818499,0.0,0.0,0.0,0.0,1.0,0.0,1.0,0.0,0.0
-0.6875,-0.29846388021682746,-1.0,0.3669724770642202,0.0,0.0,0.0,-0.5769511305616338,0.3243266377539374,0.8189262975200353,0.0,0.0,0.0,0.0,0.0,0.2336932268157469,0.0,1.4603355732296428,0.0,1.0664282132258716,0.0,1.0,0.0,0.0,0.0,0.0,0.0,1.0,0.0
0.625,-0.29846388021682746,-1.0,0.3944954128440367,0.25,0.0,0.0,-0.5769511305616338,0.4299988587080576,1.7266232001082007,0.0,0.0,0.0,0.0,0.2765785525862511,0.0,0.0,0.0,0.0,0.01933395112004598,0.0,0.0,0.0,1.0,0.0,0.0,0.0,1.0,0.0
-0.0625,8.804311697187147,1.0,2.871559633027523,0.5,-0.5799612447281433,4.768441535467894,-1.7651349380014594,1.2338678383930608,0.0,0.1653428094718481,0.0,0.0,0.0,0.0,0.3024865729448439,0.0,0.0,0.1635664227629476,0.8451216795259893,0.0,0.0,0.0,1.0,0.0,0.0,1.0,0.0,0.0
-0.75,0.6028920677818681,0.0,-0.6880733944954128,-1.25,-0.4764618716516585,0.6113568016982134,0.16411378555798695,-0.7212565624286692,0.9422722821826405,0.0,0.0,1.1526357436442505,0.0,0.0,0.0,0.0,1.680290079225262,0.0,0.07122034852374103,0.0,0.0,0.0,0.0,1.0,0.0,0.0,1.0,0.0
0.3125,-0.29846388021682746,-1.0,-0.6880733944954128,0.75,0.0,0.0,-0.5769511305616338,-0.4384101803241269,0.0,0.0,0.0,0.0,0.0,0.0,0.0,0.8861836656818464,0.0,0.0,-0.5479626774818499,0.0,0.0,0.0,0.0,1.0,0.0,0.0,1.0,0.0
0.25,-0.25460136992684407,-0.5,-0.3761467889908257,0.5,0.5685626353584862,-0.3153016097647267,0.8183807439824948,-0.33893517461766715,0.0,0.0,0.0,0.0,0.0,0.0,0.0,0.0,0.0,0.0,-0.5479626774818499,0.0,0.0,0.0,0.0,1.0,0.0,0.0,1.0,0.0
-0.375,-0.29846388021682746,-1.0,-0.11009174311926606,0.0,0.0,0.0,-0.5769511305616338,-0.2219185117553069,2.4293637945912203,0.0,0.0,0.0,0.0,0.0,0.0,0.0,0.0,0.0,-0.5479626774818499,1.0,0.0,0.0,0.0,0.0,0.0,0.0,1.0,0.0
0.25,0.6606712952176818,0.0,0.1559633027522936,0.5,-0.2940841217371481,0.6771625685476738,0.14587892049598838,1.2994578863273225,0.0,0.2883055874377698,0.0,0.0,0.0,0.0,0.2637204768186471,0.0,0.0,0.0,0.666586673591976,0.0,0.0,0.0,1.0,0.0,0.0,0.0,1.0,0.0
0.6875,3.5447866672879496,0.0,-0.3853211009174312,0.5,-0.5621794141114784,3.9619317176720332,-0.7374179431072213,0.03537434375713308,0.0,0.0,0.0,0.0,0.0,0.0,0.0,0.0,0.0,0.5590267075481017,0.6423356555744227,0.0,1.0,0.0,0.0,0.0,0.0,0.0,1.0,0.0
-1.0,1.1953465977043631,-0.5,-0.43119266055045874,0.25,-0.45776815228542117,2.987440297187334,-0.07002188183807398,0.46042570189454457,1.0969415538394496,0.0,0.0,0.0,0.0,0.0,0.0,0.0,0.0,0.0,-0.5479626774818499,0.0,0.0,0.0,1.0,0.0,0.0,0.0,1.0,0.0
0.125,-0.23677057608374885,-0.5,-0.22935779816513763,-1.0,0.58771229909951,-0.27468600742968335,0.8074398249452963,-0.6103229856197214,1.0452255752763444,0.0,0.0,0.0,0.3225740191564986,0.0,0.0,1.3382435662503855,1.8638796852022215,0.0,0.1388726956853697,0.0,0.0,0.0,0.0,1.0,0.0,1.0,0.0,0.0
0.3125,-0.29846388021682746,-1.0,-0.5596330275229358,-1.25,0.0,0.0,-0.5769511305616338,-0.6877368180780644,0.0,0.0,0.0,0.6824128044966641,0.0,0.0,0.0,0.7142605050852444,1.989616358255042,0.0,0.1852063702474528,0.0,0.0,0.0,1.0,0.0,0.0,0.0,1.0,0.0
-0.5625,-0.19253529658450214,-0.5,0.12844036697247707,1.25,0.1527413655534025,-0.17392534937201487,0.7804522246535381,0.47789888153389626,0.8099345121380971,0.2526739210237422,0.0,0.0,0.2499592786608471,0.2594781710830349,0.0,2.0739822591240875,0.0,0.2499592786608471,-0.015741034571606645,0.0,0.0,0.0,1.0,0.0,0.0,1.0,0.0,0.0
0.3125,-0.12487768510321047,-0.5,-0.22018348623853212,-0.25,-0.10121965120255329,-0.01981248894392356,0.738876732312182,0.37146199497831534,0.0,0.0,0.0,0.0,0.0,0.0,0.0,0.0,0.0,0.0,-0.09452061159697116,0.0,0.0,0.0,0.0,1.0,0.0,0.0,1.0,0.0
0.1875,-0.29846388021682746,-1.0,-0.6422018348623854,0.5,0.0,0.0,-0.5769511305616338,1.3355569504679294,0.0,0.0,0.0,1.08755175532489,0.0,0.0,0.0,0.0,0.0,0.0,0.6204785937747759,0.0,0.0,0.0,0.0,0.0,1.0,0.0,1.0,0.0
-0.25,-0.10872435270180018,0.5,-0.1834862385321101,1.0,1.5009688817964209,-0.27114806297541133,-0.004376367614879818,1.8846325039945215,0.8694592029823821,0.0,0.0,0.0,0.268329589547674,0.0,0.0,1.1132029410978903,1.5504474669236052,0.0,0.023373644800727403,0.0,0.0,0.0,0.0,0.0,1.0,1.0,0.0,0.0
-0.375,0.12170914682447229,-0.5,0.14678899082568808,1.0,-0.2676393479995441,0.5418715726163098,0.5878920495988335,0.020046792969641694,0.0,0.0,0.3856171385104212,0.0,0.3599578122866154,0.3736656438583787,0.0,1.4933354759126525,0.0,0.0,-0.5479626774818499,0.0,1.0,0.0,0.0,0.0,0.0,0.0,1.0,0.0
0.0625,-0.29846388021682746,-1.0,-0.045871559633027525,3.0,0.0,0.0,-0.5769511305616338,0.516839762611276,2.851024327968219,0.0,0.0,0.0,0.0,0.0,0.0,0.0,0.0,0.0,0.07652273011103673,1.0,0.0,0.0,0.0,0.0,0.0,0.0,1.0,0.0
0.5,-0.29846388021682746,-1.0,-0.1559633027522936,1.75,0.0,0.0,-0.5769511305616338,4.294367724263866,0.0,0.0,0.0,0.0,0.0,0.0,0.0,0.0,0.0,0.0,0.3956084254942663,0.0,1.0,0.0,0.0,0.0,0.0,0.0,1.0,0.0
-0.625,0.20402901387012098,-0.5,-0.7064220183486238,0.5,-0.31505756297731674,0.7293826286927295,0.5375638220277176,-0.5510671079662177,0.0,0.0,0.0,0.7740497347964316,0.1952866506100466,0.0,0.0,0.8101740631091886,0.0,0.0,0.6994698953310335,0.0,0.0,0.0,0.0,1.0,0.0,0.0,1.0,0.0
0.0,0.0,0.0,0.9174311926605505,-0.5,1.4991451042972757,-0.34799221652220064,0.0,-0.635317279160009,1.8703861127588932,0.0,0.0,1.1439760718568253,0.0,0.0,0.0,1.1973645885683029,0.0,0.0,0.06656846972237669,0.0,0.0,0.0,0.0,1.0,0.0,0.0,1.0,0.0
0.0,-0.09493189195905753,1.0,0.05504587155963303,0.0,1.3204149093810558,-0.29931010083141696,-0.40189642596644737,-0.42369892718557406,0.0,0.0,0.0,0.0,0.0,0.0,0.0,0.9673672489744916,0.0,0.2331769413070228,-0.05147454767093632,1.0,0.0,0.0,0.0,0.0,0.0,1.0,0.0,0.0
-0.6875,0.0,0.0,2.256880733944954,-0.5,-0.6009346859683119,3.4885547496904303,0.0,-0.5523910066194933,1.7586292389017653,0.0,0.0,0.0,0.0,0.0,0.0,0.0,0.0,0.0,-0.5479626774818499,0.0,0.0,0.0,0.0,1.0,0.0,0.0,1.0,0.0
1.1875,0.6522218598077134,0.0,3.5871559633027523,-0.25,-0.38709677419354843,0.6675393596320539,0.14879649890590863,0.25653389637069174,0.0,0.233217450500558,0.2471579646969572,0.0,0.0,0.0,0.2133299524127743,0.0,0.0,0.0,-0.056723319823399204,1.0,0.0,0.0,0.0,0.0,0.0,0.0,1.0,0.0
0.125,0.0,0.0,2.908256880733945,0.25,-0.30274706485808733,1.192145763311516,0.0,0.263975119835654,0.0,0.5285621844816331,0.0,0.0,0.0,0.0,0.0,0.0,0.0,0.0,-0.5479626774818499,0.0,0.0,0.0,1.0,0.0,0.0,0.0,1.0,0.0
-0.1875,-0.23074414053399192,-0.5,0.06422018348623854,-0.5,1.1653938219537217,-0.2609587829471077,0.8037928519328968,-0.3707429810545537,0.0,0.0,0.0,0.0,0.0,0.0,0.0,0.0,0.0,0.0,-0.5479626774818499,0.0,0.0,0.0,1.0,0.0,0.0,1.0,0.0,0.0
1.375,-0.29846388021682746,-1.0,0.027522935779816515,1.0,0.0,0.0,-0.5769511305616338,4.065755535265921,0.0,0.0,0.0,0.0,0.0,0.0,0.0,0.0,0.0,0.0,-0.5479626774818499,0.0,0.0,0.0,0.0,1.0,0.0,0.0,1.0,0.0
0.5,-0.004845999720423101,0.0,-0.29357798165137616,1.0,0.03282799498461193,-0.08080665133557405,0.3501094091903719,0.3511013467244921,0.0,0.5900833184086477,0.0,0.0,0.0,0.0,0.2698821335314005,0.0,0.0,0.2918718323236951,-0.5479626774818499,1.0,0.0,0.0,0.0,0.0,0.0,1.0,0.0,0.0
0.875,-0.29846388021682746,-1.0,-0.05504587155963303,1.0,0.0,0.0,-0.5769511305616338,4.8080518146541875,2.100494223674926,0.0,0.2314857803386575,0.0,0.2160824993101579,0.0,0.0,0.0,0.0,0.0,0.3722174686854351,0.0,0.0,0.0,1.0,0.0,0.0,0.0,0.0,1.0
0.5625,-0.2765947532733796,-0.5,1.3944954128440368,1.75,1.1156958851020178,-0.3653989032372192,0.8315098468271342,2.80200296735905,0.8739695037152545,0.0,0.0,2.138168569500532,0.2697215434659681,0.0,0.0,1.118977657178699,0.0,0.0,1.1749376736571808,0.0,0.0,0.0,1.0,0.0,0.0,0.0,0.0,1.0
0.0,1.1812434959539009,0.5,-0.46788990825688076,-0.25,-0.2954519548615069,0.708296479745268,-0.26768781911013884,0.330889066423191,0.0,0.0,0.0,0.0,0.0,0.0,0.0,0.0,0.0,0.0,-0.5479626774818499,1.0,0.0,0.0,0.0,0.0,0.0,0.0,1.0,0.0
0.5,-0.1458148890235,0.5,-0.5137614678899083,0.25,1.7499145104297278,-0.29931010083141696,0.0036469730123995024,1.767170737274595,0.6303619235245845,0.0,0.0,2.3132730259360863,0.0,0.0,0.0,0.8070772553981577,0.0,0.0,1.1089231745886812,0.0,0.0,0.0,1.0,0.0,0.0,1.0,0.0,0.0
0.9375,0.16451547768820962,0.5,0.10091743119266056,0.5,0.46643109540636046,-0.06368300017689722,-0.05981035740335475,2.255746404930381,1.108007959744104,0.0,0.0,1.3553721177971025,0.0,0.0,0.0,1.4186263315358834,0.0,0.0,0.1801280605407892,0.0,1.0,0.0,0.0,0.0,0.0,0.0,1.0,0.0
-0.5625,-0.12593386452945654,-0.5,0.05504587155963303,-1.0,-0.310498119229454,-0.022218291172828593,0.7396061269146612,-0.5313684090390322,0.0,0.0,0.0,1.333591647742478,0.3364546675255347,0.0,0.0,0.0,1.9440840940387865,0.0,-0.5479626774818499,0.0,0.0,1.0,0.0,0.0,0.0,1.0,0.0,0.0
0.4375,-0.04112886942205239,0.0,0.6880733944954128,-0.75,0.35837227858201304,-0.12212984256147177,0.3610503282275715,-0.16798105455375478,1.0669660790023388,0.332859630921471,0.0,0.0,0.0,0.0,0.0,0.0,0.0,0.3292835006610309,0.8542801729853046,0.0,0.0,0.0,1.0,0.0,0.0,0.0,1.0,0.0
0.0,1.824456766537751,0.5,-0.21100917431192662,-0.5,-0.3770659979482503,1.1966743322129845,-0.3989788475565282,0.07074298105455376,0.0,0.0,0.0,2.421849665957234,0.0,0.0,0.0,1.6899170651045439,0.0,0.0,-0.11429916236969687,0.0,1.0,0.0,0.0,0.0,0.0,1.0,0.0,0.0
-0.5625,-0.2819999068076977,-0.5,-0.5963302752293578,0.25,1.94551464721304,-0.377710949938086,0.8351568198395338,-0.44264437343072355,0.9007706275615757,0.2810119126892981,0.0,0.0,0.2779928166164871,0.0,0.0,1.1532921940633678,0.0,0.2779928166164871,0.043948910555740975,0.0,0.0,0.0,1.0,0.0,0.0,0.0,1.0,0.0
-1.125,-0.16501250330056072,0.0,-0.11926605504587157,0.0,1.203693149435769,-0.2632230673978419,0.3989788475565282,-0.1463307464049304,0.0,0.0,0.0,1.7830241290419206,0.0,0.0,0.415951659435791,0.0,0.0,0.0,-0.5479626774818499,0.0,0.0,0.0,1.0,0.0,0.0,0.0,1.0,0.0
-0.5625,0.6175543233462251,0.0,-0.09174311926605505,0.5,-0.09255670808161404,0.6280558995223775,0.15900802334062786,-0.13030700753252678,0.0,0.0,0.0,0.0,0.0,0.0,0.0,1.7938063581255739,0.0,0.0,-0.5479626774818499,0.0,0.0,0.0,0.0,1.0,0.0,1.0,0.0,0.0
-0.25,1.4684621716912851,0.5,-0.12844036697247707,0.0,-0.3921121623161974,0.9263753759065982,-0.326039387308534,0.46560716731339863,0.9490572791986676,0.0,0.0,0.0,0.0,0.0,0.2708281058754054,0.0,1.6923893029731945,0.0,1.3229620088275422,0.0,0.0,0.0,0.0,1.0,0.0,0.0,1.0,0.0
0.0,-0.29846388021682746,-1.0,1.4770642201834863,-0.5,0.0,0.0,-0.5769511305616338,-0.45985505592330517,0.0,0.0,0.0,0.0,0.0,0.0,0.0,0.0,0.0,0.0,-0.5479626774818499,0.0,0.0,0.0,0.0,1.0,0.0,1.0,0.0,0.0
-0.625,-0.2044639112809282,-0.5,1.9357798165137614,0.75,1.086515445115696,-0.20109676278082433,0.7877461706783372,1.2057349920109564,2.5842895773304937,0.0,0.0,0.0,0.0,0.2759757005145502,0.0,0.0,0.0,0.0,0.018097427374355348,0.0,0.0,0.0,1.0,0.0,0.0,0.0,1.0,0.0
0.125,3.552614820682479,0.0,-0.41284403669724773,-1.0,-0.46962270602986433,3.970847337696799,-0.7396061269146612,-0.5286635471353571,0.0,0.0,0.0,1.5226186787763625,0.0,0.0,0.0,1.5936781657506973,0.0,0.0,0.26997104197459104,0.0,0.0,0.0,1.0,0.0,0.0,0.0,0.0,1.0
-0.25,0.2527996520820714,-0.5,-0.6146788990825688,0.0,-0.27265473612219304,0.8404740845568726,0.5076586433260402,-0.07405272768774251,1.4453127726025066,0.0,0.0,1.7679806505486482,0.0,0.0,0.0,0.9252454995867457,2.5773279752601534,0.0,-0.07309296466826136,0.0,0.0,1.0,0.0,0.0,0.0,0.0,1.0,0.0
-0.1875,1.0151748132270944,0.5,2.5137614678899083,-0.5,-0.26991906987347547,0.5822041393950116,-0.23340627279358164,-0.12783040401734763,0.0,0.2558511677731723,0.0,2.006423248740697,0.0,0.0,0.2340335910913021,0.0,0.0,0.0,0.52986544424146,0.0,0.0,0.0,1.0,0.0,0.0,0.0,1.0,0.0
0.0,1.0522032213472503,0.0,1.3669724770642202,0.0,-0.21520574489912228,1.1230850875641254,0.02625820568927787,0.750291029445332,0.0,0.0,0.0,0.0,0.0,0.0,0.0,0.0,0.0,0.0,-0.5479626774818499,0.0,1.0,0.0,0.0,0.0,0.0,0.0,1.0,0.0
1.375,0.4189925912119659,-0.5,-0.5963302752293578,0.0,-0.47737376040123103,1.2190341411639838,0.4055433989788479,0.047049760328692104,0.0,0.0,0.0,0.0,0.0,0.0,0.3605141387908529,0.0,0.0,0.0,0.2822007944704527,0.0,0.0,0.0,1.0,0.0,0.0,0.0,1.0,0.0
-0.0625,1.9093238898466989,1.0,1.348623853211009,0.25,-0.1294882024393024,0.8420307801167523,-0.7089715536105036,0.23438141976717644,0.0,0.0,0.0,0.0,0.0,0.0,0.3032424628985038,0.0,0.0,0.0,-0.5479626774818499,0.0,0.0,0.0,1.0,0.0,0.0,1.0,0.0,0.0
0.25,-0.1231380954599817,-0.5,-0.1926605504587156,-0.25,-0.01231049811922949,-0.015849991155138878,0.7374179431072213,0.3648653275507874,0.9793252857949549,0.0,0.0,0.0,0.0,0.0,0.279465547550178,0.0,0.0,0.3022360923544605,0.7390996830870361,0.0,1.0,0.0,0.0,0.0,0.0,0.0,1.0,0.0
1.5625,-0.29846388021682746,-1.0,-0.3944954128440367,1.0,0.0,0.0,-0.5769511305616338,-0.23662976489385987,0.8071122366248172,0.2517934604316046,0.0,0.0,0.0,0.0,0.2303219026553652,0.0,0.0,0.2490882774367859,0.5127714785561355,0.0,0.0,0.0,1.0,0.0,0.0,1.0,0.0,0.0
-0.1875,0.12139850581675288,-0.5,0.10091743119266056,-0.5,0.017781830616664832,0.5411639837254555,0.5878920495988335,-0.5755249942935402,0.0,0.0,0.0,0.0,0.3967130753314276,0.4118206124742232,0.0,0.0,2.292265954641592,0.0,-0.5479626774818499,0.0,0.0,0.0,0.0,1.0,0.0,1.0,0.0,0.0
0.75,0.3359271857477906,-0.5,1.8073394495412844,-0.5,-0.366579277328166,1.0298248717495135,0.45660102115244405,-0.47933690938141976,0.0,0.0,0.0,0.0,0.0,0.0,0.0,0.0,0.0,0.0,-0.5479626774818499,0.0,0.0,0.0,0.0,1.0,0.0,1.0,0.0,0.0
-0.625,-0.159420965161611,0.0,1.3944954128440368,0.0,0.6643109540636043,-0.2568547673801521,0.39752005835156856,0.2106083086053412,0.0,0.0,0.0,0.0,0.0,0.4033271349077929,0.0,0.0,2.2449897647853616,0.0,-0.5479626774818499,0.0,0.0,0.0,0.0,1.0,0.0,0.0,1.0,0.0
0.0,-0.29846388021682746,-1.0,0.6513761467889908,7.0,0.0,0.0,-0.5769511305616338,0.4053811915087879,0.976350400332908,0.0,0.0,1.1943218441471166,0.3013179931587256,0.0,0.0,0.0,1.7410592697546958,0.0,0.7351899881565149,0.0,0.0,0.0,1.0,0.0,0.0,1.0,0.0,0.0
0.25,-0.29846388021682746,-1.0,-0.28440366972477066,0.75,0.0,0.0,-0.5769511305616338,0.570343528874686,0.0,0.0,0.0,0.0,0.0,0.0,0.3852204209665546,0.0,2.407220320148584,0.0,-0.5479626774818499,0.0,1.0,0.0,0.0,0.0,0.0,0.0,1.0,0.0
0.1875,-0.14152804311697187,-0.5,-0.2018348623853211,0.75,-0.18967285991109084,-0.05773925349372013,0.7490882567469012,1.1830346952750515,0.9235085957007619,0.0,0.0,1.1296830407679121,0.0,0.2958638233099983,0.0,0.0,1.646830073193712,0.0,0.05889041332925783,0.0,0.0,0.0,1.0,0.0,0.0,1.0,0.0,0.0
1.5,-0.0857369181305624,0.0,-0.3211009174311927,-0.5,0.4481933204149094,-0.17293472492481868,0.3749088256746902,0.09343186487103401,0.0,0.0,0.0,0.0,0.0,0.0,0.0,0.0,0.0,0.0,-0.5479626774818499,0.0,0.0,0.0,1.0,0.0,0.0,1.0,0.0,0.0
0.625,1.7169749778668282,1.0,0.03669724770642202,-0.5,-0.2667274592499715,0.7324960198124889,-0.6790663749088262,-0.5042741383245833,0.709389773841386,0.0,0.0,0.0,0.0,0.0,0.0,0.9082597319301707,1.265006539859667,0.0,-0.5479626774818499,0.0,0.0,0.0,1.0,0.0,0.0,1.0,0.0,0.0
-0.9375,0.3658729788919436,-0.5,2.5137614678899083,-0.25,-0.13359170181237887,1.098036440827879,0.4383661560904455,-0.243648710340105,0.0,0.0,0.0,0.0,0.0,0.0,0.4273759821669307,0.0,0.0,0.0,-0.5479626774818499,0.0,0.0,0.0,0.0,1.0,0.0,1.0,0.0,0.0
0.6875,1.0896043986766695,-0.5,-0.3853211009174312,-0.25,-0.581329077852502,2.746577038740492,-0.005105762217359097,-0.13394772882903447,0.0,0.0,0.2329482837400204,1.7237770573208262,0.0,0.2257284797186644,0.2010651218374748,0.0,2.5128888325592817,0.0,-0.08496580253835342,0.0,0.0,0.0,0.0,0.0,1.0,1.0,0.0,0.0
0.5,-0.16793252877312334,-0.5,0.5779816513761468,-0.25,-0.5270716972529351,-0.1178843092163453,0.7651349380014598,-0.0662462908011869,0.0,0.0,0.0,0.0,0.0,0.0,0.0,0.0,2.871213264086532,0.0,-0.5479626774818499,0.0,0.0,0.0,1.0,0.0,0.0,1.0,0.0,0.0
0.0,0.6004069397201126,0.0,1.1192660550458715,0.5,-0.010030776245298108,0.6085264461347958,0.16484318016046726,2.2395058205889065,0.9752012926628997,0.0,0.0,1.1929161967575113,0.0,0.0,0.2782887026188154,0.0,0.0,0.0,0.09285855728576474,0.0,1.0,0.0,0.0,0.0,0.0,1.0,0.0,0.0
0.4375,-0.23969060155631147,-0.5,0.5871559633027523,-0.75,1.7166305710703298,-0.2813373430037148,0.8088986141502559,-0.48704062999315223,3.081472281589947,0.0,0.0,0.0,0.0,0.0,0.0,1.3151102029901927,0.0,0.0,0.12699981051847437,0.0,0.0,0.0,0.0,1.0,0.0,1.0,0.0,0.0
0.1875,-0.29846388021682746,-1.0,0.3211009174311927,-0.75,0.0,0.0,-0.5769511305616338,-0.21081374115498747,1.1703224798513092,0.0,0.0,0.0,0.0,0.0,0.3339695373804603,0.0,0.0,0.0,0.22107598382543772,0.0,0.0,0.0,1.0,0.0,0.0,0.0,1.0,0.0
-0.375,2.1880310019725706,0.0,2.5137614678899083,0.75,-0.5931836315969452,2.4166990978241647,-0.3216630196936542,0.6271456288518604,0.0,0.0,0.0,0.777833648361456,0.0,0.0,0.1814564320981975,0.0,0.0,0.0,1.1234114570688916,0.0,1.0,0.0,0.0,0.0,0.0,0.0,1.0,0.0
-0.1875,0.1824083997328488,1.0,0.08256880733944955,1.5,1.7476347885557961,-0.1413762603927118,-0.4442013129102849,1.716565852545081,0.0,0.0,0.0,2.226850852453263,0.2809084641687094,0.0,0.0,0.0,3.2462600747234767,0.0,0.050157004684930936,0.0,0.0,0.0,1.0,0.0,0.0,0.0,1.0,0.0
-1.4375,0.08871907180466895,1.0,-0.5412844036697247,-0.25,1.1549071013336374,-0.19472846276313463,-0.4296134208606859,-0.5379422506277105,0.0,0.0,0.0,0.0,0.0,0.0,0.0,0.0,0.0,0.0,0.9638312029311629,0.0,0.0,0.0,0.0,1.0,0.0,0.0,1.0,0.0
0.4375,-0.29846388021682746,-1.0,0.5596330275229358,0.0,0.0,0.0,-0.5769511305616338,1.0577322529102946,0.0,0.305816296462319,0.0,0.0,0.0,0.0,0.0,0.0,0.0,0.0,0.09619581371680291,0.0,0.0,0.0,1.0,0.0,0.0,0.0,1.0,0.0
0.9375,-0.09592594318375969,0.0,1.2477064220183487,0.0,0.22569246551920674,-0.18453918273483105,0.37782640408461043,0.5910579776306779,0.0,0.0,0.0,0.0,0.2879097549173453,0.0,0.0,3.5833020109899367,1.6635845154709796,0.0,-0.5479626774818499,0.0,0.0,0.0,1.0,0.0,0.0,0.0,1.0,0.0
-1.125,-0.13519096655949553,1.0,-0.44036697247706424,-0.25,1.0687336144990311,-0.32223598089509997,-0.39533187454412866,-0.3754793426158411,0.7019536025763476,0.0,0.0,1.7173312385570572,0.216634571713929,0.0,0.0,0.8987389083028475,1.2517461213582104,0.0,-0.5479626774818499,0.0,0.0,1.0,0.0,0.0,0.0,0.0,1.0,0.0
0.375,-0.2412438065949086,0.5,-0.01834862385321101,-0.75,2.9358258292488317,-0.3717672032549089,0.02334062727935868,-0.6056779274138323,0.0,0.0,0.0,0.0,0.0,0.0,0.0,0.0,0.0,0.0,-0.5479626774818499,0.0,0.0,0.0,0.0,1.0,0.0,0.0,1.0,0.0
-0.8125,-0.2229781153410062,-0.5,3.467889908256881,-0.25,1.87940271286903,-0.24326906067574738,0.7986870897155367,-0.11178383930609442,0.0,0.0,0.0,1.2507797999921093,0.0,0.3275790468563894,0.0,0.0,1.8233625851106339,0.0,0.1239422375758698,0.0,0.0,0.0,0.0,1.0,0.0,0.0,1.0,0.0
-0.8125,-0.11897550595654133,-0.5,1.889908256880734,-1.0,0.3451498917132111,-0.006368300017689713,0.7352297592997814,-0.697209541200639,0.9686750265351171,0.0,0.3202596206426236,0.0,0.298949244983168,0.0,0.0,0.0,0.0,0.0,0.08857003762331889,0.0,0.0,0.0,1.0,0.0,0.0,0.0,1.0,0.0
-1.4375,0.06896230371371326,0.0,0.4036697247706422,-1.25,-0.1294882024393024,0.0032549088979303086,0.3274981765134946,-0.82850376626341,1.4044297161198003,0.0,0.0,0.8589852003744172,0.216715199506962,0.0,0.0,0.0,2.5044240009893897,0.0,-0.08652543801167926,0.0,0.0,0.0,0.0,1.0,0.0,0.0,1.0,0.0
0.9375,-0.29846388021682746,-1.0,0.12844036697247707,-1.25,0.0,0.0,-0.5769511305616338,-0.7585768089477287,0.0,0.0,0.0,0.0,0.0,0.0,0.0,0.0,0.0,0.0,1.007317166555392,0.0,0.0,0.0,1.0,0.0,0.0,1.0,0.0,0.0
-0.5,-0.20986906481524628,-0.5,-0.6146788990825688,0.25,1.1585546563319276,-0.21340880948169116,0.7906637490882573,1.1946986989271855,0.0,0.0,0.0,0.0,0.2184776638719187,0.4535953611940015,0.0,0.0,0.0,0.0,-0.5479626774818499,0.0,0.0,0.0,1.0,0.0,0.0,0.0,1.0,0.0
0.6875,0.42992715468368975,1.0,-0.3853211009174312,7.25,0.1363273680610966,-0.0004245533345126643,-0.4821298322392416,-0.4115784067564483,0.0,0.0,0.0,0.0,0.0,0.0,0.0,0.0,0.0,0.0,-0.5479626774818499,1.0,0.0,0.0,0.0,0.0,0.0,1.0,0.0,0.0
0.3125,0.9008589223863444,0.0,-0.7614678899082569,-0.5,-0.376610053573464,0.9507164337519901,0.07221006564551492,-0.2594556037434376,0.0,0.0,0.0,0.0,0.0,0.0,0.0,0.0,0.0,0.0,-0.5479626774818499,0.0,0.0,0.0,1.0,0.0,0.0,1.0,0.0,0.0
0.5625,5.48436699128652,-0.5,-0.27522935779816515,-1.0,-0.6565598996922375,12.757120113214222,-2.698030634573305,-0.473972837251769,0.0,0.0,0.0,0.0,0.0,0.0,0.0,0.0,0.0,0.0,-0.5479626774818499,0.0,0.0,0.0,1.0,0.0,0.0,1.0,0.0,0.0
-0.4375,-0.2711274715375177,-0.5,-0.3944954128440367,0.0,2.198563775219423,-0.3529453387581815,0.828592268417214,-0.23271513353115722,1.254973964035628,0.195756068869383,0.0,0.0,0.0,0.0,0.3581261416483697,0.0,0.0,0.1936529324824002,-0.13563038706900596,0.0,0.0,0.0,1.0,0.0,0.0,0.0,1.0,0.0
1.1875,1.2951244893838438,0.5,1.5596330275229358,-0.25,0.04650632622820023,0.7947638422076774,-0.2910284463894965,1.1691908240127824,0.0,0.0,0.24794463925645,0.0,0.0,0.0,0.428017912822958,0.0,0.0,0.0,-0.0551597630682471,0.0,1.0,0.0,0.0,0.0,0.0,1.0,0.0,0.0
-0.75,4.919186741841791,0.0,0.8990825688073395,-1.0,-0.49515559101789586,5.527259862020167,-1.1582786287381475,-0.5978714905272768,1.007179494605362,0.0,0.0,0.0,0.0,0.0,0.2874141748650121,1.289531667227513,0.0,0.3108323650624086,0.11387197370409259,0.0,0.0,0.0,0.0,1.0,0.0,1.0,0.0,0.0
-0.3125,-0.29846388021682746,-1.0,-0.5045871559633027,0.75,0.0,0.0,-0.5769511305616338,-0.3806151563569961,1.1627968899503611,0.0,0.0,0.0,0.0,0.372524452068189,0.0,0.0,0.0,0.0,-0.5479626774818499,0.0,1.0,0.0,0.0,0.0,0.0,0.0,1.0,0.0
-0.25,1.1702468042806333,0.0,0.6788990825688074,0.75,-0.5129374216345606,1.2575269768264639,-0.010211524434719229,0.9260956402647796,1.3321392053508283,0.0,0.0,0.0,0.0,0.0,0.0,0.0,0.0,0.0,0.32740848627475405,0.0,0.0,0.0,0.0,1.0,0.0,0.0,1.0,0.0
-0.875,0.13494245375332004,1.0,-0.06422018348623854,1.25,1.9359398153425282,-0.16840615602335043,-0.43690736688548487,0.12399566309061855,0.0,0.0,0.0,3.280998568687543,0.0,0.0,0.0,0.0,2.39148810685308,0.0,-0.5479626774818499,0.0,0.0,1.0,0.0,0.0,0.0,0.0,1.0,0.0
0.0,3.8348011120948082,0.0,-0.6697247706422018,-1.25,-0.46232759603328394,4.292234211922874,-0.8264040846097741,-0.7843814197671763,2.337965253178099,0.0,0.2576563672190115,0.0,0.0,0.0,0.0,0.99779640305725,0.0,0.0,0.47624828399347274,0.0,0.0,0.0,1.0,0.0,0.0,0.0,1.0,0.0
-1.125,2.0927263408042496,0.0,-0.7889908256880734,-1.0,-0.5275276416277215,2.308154961967097,-0.29248723559445605,-0.7993323442136498,0.735229019215774,0.2293681727986605,0.0,0.0,0.0,0.0,0.0,0.9413427378352812,0.0,0.2269039194398005,-0.0648312753030194,0.0,1.0,0.0,0.0,0.0,0.0,0.0,1.0,0.0
0.0,0.2636099591507075,-0.5,-0.7981651376146789,-0.75,-0.4395303772939701,0.8650981779586061,0.5010940919037205,-0.09569162291714223,0.0,0.0,0.0,0.0,0.0,0.0,0.0,1.0851230862341759,0.0,0.0,0.00896203985810941,0.0,0.0,0.0,0.0,1.0,0.0,1.0,0.0,0.0
0.0,0.4710560241057422,0.0,-0.6330275229357798,0.25,-0.3770659979482503,0.46120643905890685,0.20423048869438354,1.1808662405843413,0.0,0.0,0.0,0.0,0.0,0.0,0.0,0.0,0.0,0.0,-0.5479626774818499,0.0,0.0,0.0,0.0,1.0,0.0,0.0,1.0,0.0
0.0,-0.16047714458785706,-0.5,0.1834862385321101,-0.5,0.5343668072495157,-0.10090217583583937,0.76075857038658,-0.6974720383474092,0.7605986876564469,0.0,0.0,2.791209878097,0.0,0.0,0.0,0.9738245258547327,1.3563239132753793,0.0,0.4516418018266391,0.0,0.0,0.0,1.0,0.0,0.0,1.0,0.0,0.0
0.0,2.841122656601898,0.0,-0.5596330275229358,0.75,-0.5931836315969452,3.160516539890324,-0.5215171407731579,0.14077265464505823,0.0,0.0,0.0,0.0,0.0,0.0,0.0,1.0942685031486674,0.0,0.0,0.5752742797651823,0.0,0.0,0.0,1.0,0.0,0.0,0.0,1.0,0.0
-0.6875,-0.29846388021682746,-1.0,0.5596330275229358,0.25,0.0,0.0,-0.5769511305616338,0.4758902077151334,1.5319761076686673,0.0,0.0,0.9369958415934981,0.0,0.0,0.0,0.0,0.0,0.0,1.465412055174651,0.0,0.0,0.0,1.0,0.0,0.0,1.0,0.0,0.0
-0.25,-0.11866486494882189,-0.5,-0.3669724770642202,0.0,-0.196512025532885,-0.005660711126835289,0.7352297592997814,0.6654702122803013,1.3787024263398642,0.0,0.4558213063652905,1.686499461458592,0.0,0.0,0.0,0.0,0.0,0.0,-0.5479626774818499,0.0,0.0,0.0,1.0,0.0,0.0,0.0,1.0,0.0
0.125,1.0129381979715144,1.0,-0.6788990825688074,0.75,-0.3820813860708993,0.33157615425437825,-0.5711159737417945,0.8943791371832914,0.0,0.0,0.0,0.0,0.0,0.0,0.2231095234864931,0.0,0.0,0.0,-0.5479626774818499,0.0,0.0,0.0,1.0,0.0,0.0,0.0,1.0,0.0
-0.75,-0.24316978084276908,0.0,-0.09174311926605505,0.75,1.8885216003647556,-0.35223774986732714,0.4230488694383661,1.1116012325952978,1.8139209024761385,0.282942941674168,0.0,0.0,0.0,0.0,0.0,1.161217269671187,0.0,0.2799030992850571,0.048016348202929736,0.0,0.0,0.0,0.0,1.0,0.0,0.0,1.0,0.0
0.0,6.891322243449359,0.5,1.3027522935779816,0.25,-0.5635472472358372,5.043835131788431,-1.4339897884755657,0.22303697785893625,1.1776234241579464,0.0,0.0,0.0,0.0,0.0,0.0,0.0,0.0,0.0,0.22587355759892364,0.0,0.0,0.0,1.0,0.0,0.0,0.0,1.0,0.0
0.1875,-0.2803224453660128,0.0,2.458715596330275,-0.75,3.505300353356891,-0.39455156554042103,0.434719183078046,-0.558725176900251,0.0,0.0,0.0,0.0,0.0,0.0,0.0,2.352997306785665,3.277209014904223,0.0,0.6596813000608884,0.0,1.0,0.0,0.0,0.0,0.0,1.0,0.0,0.0
-0.4375,0.14065824829535753,1.0,-0.6605504587155964,-0.75,0.771001937763593,-0.16515124712542012,-0.4376367614879652,-0.3010556950467929,0.0,0.0,0.0,0.0,0.0,0.0,0.0,0.0,0.0,0.0,0.9726802835998308,0.0,1.0,0.0,0.0,0.0,0.0,0.0,1.0,0.0
-1.4375,-0.29846388021682746,-1.0,-0.3302752293577982,0.0,0.0,0.0,-0.5769511305616338,-0.319430495320703,0.0,0.0,0.0,0.0,0.0,0.0,0.0,0.0,0.0,0.0,-0.5479626774818499,1.0,0.0,0.0,0.0,0.0,0.0,1.0,0.0,0.0
0.1875,5.513008092198252,0.0,0.7339449541284404,0.0,-0.6410577909495042,6.203573323898816,-1.340627279358133,0.9702750513581373,0.9293399221269534,0.0,0.0,0.0,0.0,0.0,0.0,0.0,0.0,0.0,0.06272227638038316,0.0,0.0,0.0,1.0,0.0,0.0,0.0,1.0,0.0
0.6875,0.6150691952844696,0.0,-0.24770642201834864,0.25,-0.2671834036247578,0.6252255439589598,0.15973741794310714,1.0464334626797533,0.0,0.0,0.1790992616910074,0.0,0.0,0.0,0.4637589205820484,0.0,0.0,0.167181828767968,-0.19199354503626112,1.0,0.0,0.0,0.0,0.0,0.0,0.0,1.0,0.0
0.0,-0.29846388021682746,-1.0,-0.09174311926605505,-1.0,0.0,0.0,-0.5769511305616338,0.5833428440995206,0.0,0.0,0.0,0.0,0.0,0.0,0.2276467065109297,0.0,0.0,0.0,1.0246578656912706,0.0,0.0,0.0,0.0,1.0,0.0,1.0,0.0,0.0
0.5,-0.29846388021682746,-1.0,-0.5229357798165137,-0.5,0.0,0.0,-0.5769511305616338,0.08261241725633416,0.0,0.0,0.0,1.8125558107378283,0.4572935528695177,0.0,0.0,0.0,0.0,0.0,1.39940672848211,0.0,0.0,0.0,1.0,0.0,0.0,1.0,0.0,0.0
